storyCode	question1	question2	question3	question4
S001	What words did you hear again and again?	What does this show about God?	How should we treat people God made?	What kind thing will we do this week?
S002	What happened in the garden in this story?	What does this teach about listening to God?	When do we feel tempted to do wrong?	What will we do when we feel tempted?
S003	What was different about Noah’s choices?	What do we learn about right and wrong?	How can our family choose what is right?	What is one way we will trust God?
S004	What were the people trying to build together?	What might God want them to remember about Him?	Where can we include someone who feels left out?	What humble step will we take this week?
S005	What did God ask Abram to do?	How did Abram show trust in God?	Where can we trust God even when unsure?	What short prayer will we say together?
S006	What promise did God give Abram?	What does this show about God’s faithfulness?	How can we keep our promises this week?	What promise will we keep on purpose?
S007	What serious problem did the cities have?	What does this show about God’s holiness and care?	How can we choose what is good and safe?	What prayer will we pray for our city?
S008	What hard test did Abraham face?	What does this teach about trust in God?	Where do we need to trust God as a family?	What step of trust will we take this week?
S009	What changes happened in the family here?	What does this show about God’s long plan?	Where do we need patience at home or school?	What patient habit will we practice?
S010	What choices did Jacob make?	What happened because of those choices?	Where do we need honesty this week?	What honest choice will we make today?
S011	What new family tensions did you notice?	What do they teach about jealousy and kindness?	How can we show kindness when we feel left out?	What kind word will we speak today?
S012	What big moments stood out to you?	What might Jacob be wrestling about inside?	Where are we wrestling with fear or change?	What prayer will we bring to God tonight?
S013	What led Jacob to move again?	Where do you see God caring for the family?	How can we trust God in our changes?	What steady step will we take this week?
S014	What hard things happened to Joseph?	What good traits grew in him through this?	Where do we need courage when life is hard?	What brave step will we take together?
S015	What helped Joseph in his new role?	What danger comes with success or praise?	How can we stay humble when noticed?	What thanks will we give God this week?
S016	What feelings did the brothers have?	How did Joseph treat them with power?	Where can we show mercy at home or school?	What forgiving step will we take?
S017	What emotions did you hear in the reunion?	What does this show about forgiveness?	Who might we need to forgive or call?	What first step toward peace will we take?
S018	What blessings or last words stood out?	What do they show about finishing with faith?	What kind of legacy do we want as a family?	What priority will we set this week?
S019	What hard things happened to God’s people?	How did God call Moses to help?	Where could we help someone who is hurting?	What small action will we take to help?
S020	What fears or obstacles did you notice?	What did obedience look like here?	Where do we need courage to do right?	What brave action will we take this week?
S021	What patterns did you see in the plagues?	What does this teach about hard hearts and mercy?	Where do we keep doing unhelpful habits?	What change will we try this week?
S022	What special instructions did God give?	What do they show about rescue and belonging?	How can we remember God’s care this week?	What reminder will we keep in our home?
S023	What choices and feelings did the people have?	What does God’s rescue teach about trust?	Where do we feel stuck and need help?	What step will we take while trusting God?
S024	Where did the people complain, and where did God provide?	What does this say about gratitude and trust?	How can we practice thankfulness each day?	What will we thank God for tonight?
S025	Which command stood out to you today?	What do these teach about loving God and people?	How would our home look if we lived these well?	Which one will we focus on this week?
S026	What kinds of rules did you hear?	What do they show about fairness and care?	Where can we be fair with others this week?	What fair action will we choose today?
S027	What details did you notice about God’s tent?	What does that show about God living with His people?	How can we make space for God at home?	What small worship habit will we try?
S028	What jobs did the priests have?	What does holy living look like here?	Where do we need good boundaries at home?	What boundary will we set kindly this week?
S029	What new instructions stood out today?	What do they teach about prayer and rest?	Where do we need quiet time with God?	When will we set a short quiet time?
S030	What went wrong while Moses was away?	What do we learn about idols and mercy?	What things try to take God’s first place for us?	What will we put down to put God first?
S031	How did the people respond to the plan?	What do you see about generosity and skill?	Where can we offer our time or talents?	What task will we each do this week?
S032	What showed the work was finished?	What does God’s glory mean for the people?	How can we honor God in ordinary places?	What simple worship will we do at home?
S033	What offerings did you hear about?	What do they teach about sin and thanks?	How can we say sorry and thank you to God?	What honest prayer will we say today?
S034	What other offerings were added?	What do they show about daily life with God?	Where can we turn routine into worship?	What daily moment will we give to God?
S035	What steps prepared the priests to serve?	What does this teach about getting ready to serve?	How can we prepare our hearts to serve others?	What small prep will we do before serving?
S036	What kinds of differences were explained?	What values about health and holiness appear?	How can we care for body and soul this week?	What healthy habit will we practice?
S037	What patterns of careful living did you hear?	What does attention to detail teach us?	Where do small choices shape our family life?	What small good choice will we repeat?
S038	What pictures of forgiveness stood out?	What do they teach about God making a way?	How do forgiven people treat others?	Who will we forgive or ask forgiveness from?
S039	What commands did God give His people?	What do they show about living differently for God?	Where is God asking us to be different kindly?	What one change will we practice this week?
S040	What was expected from leaders here?	What does this show about example and care?	Where do we lead by example at home or school?	What good example will we set this week?
S041	What special days did you hear about?	What do they teach about remembering together?	What family rhythm helps us remember God?	What reminder will we set for this week?
S042	What rests and releases were described?	What do they show about trust and renewal?	Where do we need rest or to forgive a debt?	What reset will we try this week?
S043	What choices and results were compared?	What does this teach about wise paths?	Where do our choices lead us right now?	What wise choice will we make today?
S044	Why might the people be counted here?	What does this show about order and purpose?	Where do we need a plan to serve well?	What organizing step will we take this week?
S045	What special role did the Levites have?	What does set apart service look like?	Where can we serve others with care?	What service will we offer this week?
S046	What practices of dedication stood out?	What do they show about living under blessing?	What habit could we dedicate to God this week?	What will we dedicate together in prayer?
S047	What celebrations and preparations happened?	What do we learn about starting well with God?	Where do we need to prepare before we start?	What first step will we take to prepare?
S048	Where did you hear complaints, and where care?	What does this show about trust and contentment?	When do we start to complain easily?	What thank you will we say instead this week?
S049	What reports did the people bring back?	What is the difference between fear and faith here?	Where is fear shrinking our view of God?	What faith step will we take this week?
S050	What started the rebellion in this story?	What does this teach about pride and humility?	Where do we resist guidance that helps us grow?	What humble step will we choose today?
S051	What wins and helps did God give?	What does this show about care in hard places?	Where have we seen small wins lately?	What thanks will we give for them?
S052	What tensions did you hear in Balaam’s heart?	What does this teach about motives and truth?	Where do mixed motives pull us off track?	What clear honest step will we take?
S053	What seemed new in this counting?	What does this say about being ready to serve?	How can we help someone take their place?	Who will we encourage this week?
S054	What commitments did people make to God?	What do vows teach about words and actions?	Where do we need to match words with deeds?	What promise will we keep carefully this week?
S055	What lessons came from travels and battles?	What do we learn about guidance and patience?	Where do we need steady patience at home?	What steady step will we repeat each day?
S056	What plans and borders were set up?	What do they teach about wisdom and safety?	Where do we need clear boundaries right now?	What boundary will we set kindly today?
S057	What memories were retold in this section?	What does remembering teach about faith and identity?	What story of God’s help can we share?	When will we share it this week?
S058	What calls to listen did you notice?	What does this say about hearing and doing?	Where do we need to act on what we know?	What small obedience will we do today?
S059	What big themes of the covenant appeared?	What do they show about love and loyalty?	How can covenant love shape our family life?	What act of loyal love will we do?
S060	What goals of obedience were described?	What does witness look like in this passage?	Where could our choices point others to God?	What witness will we live out this week?
S061	What kinds of justice or care were urged?	What does this show about God’s heart for people?	Where can we protect or help someone?	What just action will we take this week?
S062	What new instructions stood out today?	What values are being shaped by these rules?	Where do these values challenge our habits?	What one change will we try this week?
S063	What protections or limits were given?	What do they teach about wisdom and restraint?	Where do we need wiser limits for screens or words?	What limit will we keep this week?
S064	What themes kept repeating here?	What picture of community do they paint?	Where can our home reflect that picture more?	What practice will we add to our routine?
S065	What choices and outcomes were compared?	What do you learn about the direction of a life?	Where are our choices taking us now?	What course change will we make today?
S066	What invitation did God give His people?	What does choosing life look like?	Where do we need to choose life this week?	What life giving step will we take?
S067	What moments of change did you notice?	What does this teach about passing on leadership?	Who can we encourage to lead or try?	What encouragement will we give this week?
S068	What blessings or farewells stood out?	What do they show about God’s faithfulness?	How can we finish our tasks with faith?	What will we finish well this week?
S069	What words to Joshua stood out?	What helps people be strong and brave here?	Where do we need courage at school or work?	What truth will we repeat this week?
S070	What did trust look like in this story?	What does this teach about God’s unusual ways?	Where might obedience look unusual for us?	What faithful step will we take this week?
S071	What caused the setback here?	What do we learn about honesty and community?	Where could hidden choices hurt our home?	What confession or fix will we make?
S072	What progress and challenges were recorded?	What does steady obedience look like over time?	Where do we need follow through this week?	What next step will we schedule?
S073	What borders and portions were given?	What does that teach about order and fairness?	Where do clear roles help us at home?	What role will each of us take this week?
S074	What patterns in giving the land continued?	What values guided those choices?	Where can we practice fairness when sharing?	What fair choice will we make today?
S075	What needs or gaps were finished up?	What do we learn about completing good work?	Where do we leave things half done?	What will we finish before the week ends?
S076	What reminders did Joshua give the people?	What do they teach about loyalty to God?	Where are we tempted to drift from good ways?	What guardrail will we set this week?
S077	What cycle did you hear in Judges?	What does this teach about habits and hearts?	Where do we see this cycle in our lives?	What early step will we take to break it?
S078	What leaders or moments stood out?	What do these stories show about God using unlikely people?	Where could God use our strengths to help?	What service will we do this week?
S079	What doubts and signs did Gideon have?	What does God’s patience teach us here?	Where do we need courage in weakness?	What small brave step will we take today?
S080	What warning signs did you notice in Abimelech?	What do we learn about ambition and pride?	Where could power plays harm our family or class?	What humble choice will we make?
S081	What stood out about vows and words?	What do we learn about promises and wisdom?	Where do our words run ahead of wisdom?	What careful speaking habit will we practice?
S082	What strengths and weaknesses did Samson show?	What does this teach about calling and choices?	Where are we strong yet vulnerable?	What safeguard will we put in place?
S083	What scenes showed confusion about right and wrong?	What happens when everyone does only what they want?	Where do we see that around us?	What truth will guide us this week?
S084	What troubled you in these stories?	What do they show about the need for justice?	Where can we protect someone who is vulnerable?	What careful action will we take?
S085	What choices by Ruth or Boaz stood out?	What do we learn about loyal love and kindness?	Where could loyal kindness help someone we know?	What kind action will we do this week?
S086	What signs showed God was with Samuel?	What does listening to God look like here?	Where do we sense God nudging us to listen?	When will we be quiet and listen this week?
S087	Why did the people want a king?	What does this show about fear and trust?	Where do we feel pressure to fit in?	What trusting choice will we make instead?
S088	What marked Saul’s start as king?	What do you notice about humility and calling?	Where could humility help us lead better?	What humble practice will we try this week?
S089	What choices showed foolishness here?	What do we learn about impatience and pressure?	Where do we rush instead of waiting wisely?	What pause will we build into our day?
S090	What contrasts did you see between Saul and David?	What does God seeing the heart mean to you?	Where do appearances trick us at school?	What heart habit will we practice this week?
S091	What moments of courage or fear did you hear?	What does God value in a leader here?	Where do we face a big challenge?	What step of faith will we take this week?
S092	What tensions were between Saul, David, and Jonathan?	What do we learn about loyalty and jealousy?	Where can we be loyal friends under pressure?	What kind action will we do for a friend?
S093	What choices did David make when pressed?	What do those choices show about trust?	Where do we need wisdom when stressed?	What wise step will we take before reacting?
S094	Where did David have a chance to get even?	What does his restraint teach us?	Where could restraint help in our home or school?	What gentle response will we choose this week?
S095	What contrasts did you hear between Saul and David?	What does it show about seeking God first?	Where are we tempted to take shortcuts?	What practice will help us seek God first?
S096	What did David do when he heard the news?	What does lament teach us about grief?	Where do we need space to be sad and honest?	What simple prayer of lament will we say?
S097	What steps led to David becoming king?	What do we learn about waiting and promise?	Where are we waiting for God’s timing?	What patient habit will we keep this week?
S098	What promises stood out to you?	What does this show about God’s grace?	Where do promises give us hope today?	What promise of God will we repeat this week?
S099	What victories were given here?	What keeps success humble and thankful?	Where can we give God credit for wins?	What thanks will we give after a win this week?
S100	What warning signs did you notice?	What do we learn about sin and confession?	Where could small wrongs grow bigger?	What guardrail will we set as a family?
S101	What seeds of division were planted?	What do we learn about flattery and ambition?	Where do we see these hurts around us?	What peacemaking step will we take?
S102	What choices pushed the conflict forward?	What do we learn about listening to wise counsel?	Whose wise voice should we hear this week?	What step will we take to ask for advice?
S103	What actions moved things toward peace?	What does this teach about mercy and unity?	Where do we need repair in a relationship?	What first step toward repair will we take?
S104	What highs and lows did you hear?	What does it teach about finishing well?	Where do we need to finish something faithfully?	What finish‑well step will we take this week?
S105	What made this a hard transition?	What does a good start look like here?	Where are we starting something new?	What first step of wisdom will we take?
S106	What did Solomon ask God for?	What does God value in that request?	Where do we need discernment right now?	What daily habit will help us grow in wisdom?
S107	What effort and care went into the work?	What does excellence in serving God look like?	Where can we do careful, quality work?	What quality step will we take on a task?
S108	What prayers or praises stood out?	What does God’s presence mean for people?	How can we dedicate a space or time to God?	What short prayer of dedication will we pray?
S109	What pulled Solomon’s heart away?	What warning do we see about drift?	Where could comfort pull us off course?	What course correction will we make today?
S110	What words and choices caused the split?	What does this show about pride and listening?	Where do stubborn words hurt our home?	What listening step will we practice this week?
S111	What patterns kept repeating?	What do we learn about legacy and compromise?	What patterns do we want in our family?	What good pattern will we begin today?
S112	What bold moments did Elijah have?	What do we learn about loyalty to God?	Where do we face mixed loyalties?	What faithful choice will we make this week?
S113	What highs and lows did Elijah feel?	How did God care for him in weakness?	Where do we feel tired or afraid?	What rest or prayer step will we take?
S114	What injustice did you hear about?	What does God say about truth and justice?	Where can we stand up kindly for what’s right?	What careful truth will we speak this week?
S115	What alliances and choices stood out?	What do they teach about partnership and trust?	Who influences us most right now?	What boundary or choice will keep us wise?
S116	Which personal stories touched you?	What do we learn about compassion and faith?	Who near us needs quiet help?	What simple help will we give this week?
S117	What bigger events were in this reading?	What does this show about God’s reach?	Who is outside our usual circle?	What welcome step will we take toward them?
S118	What judgments and reforms happened?	What do we learn about zeal and motives?	Where do we need zeal with wisdom and love?	What focused good step will we take?
S119	What dangers and rescues appeared?	What does this show about courage and covenant?	What good thing should we protect right now?	What safeguard will we put in place?
S120	What mixed stories of leadership did you hear?	What does partial obedience lead to?	Where do we stop short of good?	What completion step will we take this week?
S121	What choices led to decline?	What warnings do you notice about drift?	Where do lesser loves pull our hearts?	What re‑centering step will we take today?
S122	What prayers or miracles stood out?	What shows trust under pressure?	Where are we under pressure now?	What prayer will we pray before acting?
S123	What contrasts did you see among these kings?	What do we learn about repentance and renewal?	Where do we need a fresh start?	What first step toward change will we take?
S124	What warnings were ignored?	What does this teach about sowing and reaping?	Where are we ignoring wise advice?	What listening change will we make this week?
S125	What names or notes caught your eye?	What does long memory say about identity?	Who passed faith to us?	How will we thank or honor them?
S126	What roles or tribes were highlighted?	What do you notice about calling and skill?	Where do we fit in our community’s work?	What part will each of us play this week?
S127	What repeating details did you see?	What does this say about God’s steady care?	How does belonging shape our choices?	Who will we encourage for faithfulness?
S128	What transitions happened here?	What do grief and honor look like together?	Where are we between an ending and a beginning?	What anchor practice will keep us steady?
S129	What reactions to God’s presence did you hear?	What do reverence and joy look like together?	How can reverence and joy meet in our home?	What worship habit will we practice?
S130	What promises and wins stood out?	What do they show about God’s help?	Where can gratitude replace self‑credit?	What praise will we give after work well done?
S131	What mistake and mercy appeared?	What do we learn about confession and planning?	Where do we need to admit wrong and adjust?	What correction step will we take this week?
S132	What roles were set in place?	What does this show about shared service?	Where could better structure help us?	What simple system will we set up?
S133	What responsibilities stood out?	What do we learn about teamwork and trust?	Where should we ask for help to do better?	What team step will we take this week?
S134	What resources and partners were gathered?	What does this teach about vision and teamwork?	Where do we need partners to build good things?	What clear ask will we make this week?
S135	What moments of dedication moved you?	What does this show about God keeping promises?	How can we dedicate our work to God?	What simple prayer will we offer today?
S136	What achievements were listed?	What priorities and pitfalls come with success?	How will we keep worship above success?	What practice will keep our hearts centered?
S137	What counsel did he hear and choose?	What do we learn about pride and listening?	Where have we ignored good advice?	What listening habit will we practice first?
S138	What battles or prayers stood out?	What does relying on God in crisis look like?	Where can we rely on God instead of panic?	What prayer‑first step will we take?
S139	What alliances and prayers marked his reign?	What does seeking God before battle teach?	Where should we pray before we plan?	What first prayer will start our plan?
S140	What dangers and rescues happened?	What does this show about God preserving good?	What good has God trusted us to guard?	What protective step will we take?
S141	What patterns did you notice across kings?	What warning do you see about pride?	Where could pride creep into our strengths?	What humble safeguard will we set?
S142	What renewals stood out to you?	What does this show about trust and worship?	Where do we need to renew a good habit?	What renewal step will we take this week?
S143	What swings between faith and evil appeared?	What do we learn about judgment and mercy?	Where do we need hope that change is possible?	What first step toward change will we take?
S144	What discovery in Josiah’s time was key?	What does Scripture do to reshape people?	Where could Scripture re‑center our week?	When will we read and respond each day?
S145	What first steps happened on returning?	What does rebuilding worship teach?	Where do we need to rebuild something good?	What first brick will we lay this week?
S146	What kinds of pushback showed up?	What helped them keep going?	Where are we discouraged while doing good?	What steady step will we take despite pushback?
S147	What focus did Ezra bring?	What does setting your heart to learn and do mean?	How can we set our hearts to God’s word?	What small plan will we start this week?
S148	What problem was faced and owned?	What does real repentance look like?	Where do we need honest attention to a habit?	What clear turn back will we make?
S149	What burden and plan did Nehemiah carry?	What does prayerful planning teach?	Where do we sense a burden to own?	What first move will we make in prayer?
S150	What tactics tried to stop the work?	What kept people focused?	Where do distractions pull us off good work?	What focus step will we take this week?
S151	What practices restored joy and identity?	What do confession and celebration do together?	What rhythm helps our hearts after stress?	What rhythm will we begin this week?
S152	What commitments stood out to you?	What does accountability with worship look like?	Where do we need support to keep good habits?	What accountability step will we set up?
S153	What unlikely turns did you hear?	What does this suggest about purpose where we are?	Where can our place help others now?	What step will we take to serve here?
S154	What risks and choices shaped the rescue?	What do we learn about courage and timing?	Where might we need to speak up kindly?	What respectful step will we take this week?
S155	What losses and responses began Job’s story?	What do we learn about honest lament?	Where do we need room to bring pain to God?	What simple prayer will we say together?
S156	What advice did friends give?	What are the limits of quick answers?	How can we be better friends to the hurting?	What gentle action will we take for someone?
S157	What accusations appeared here?	What hope did Job still hold?	Where are we holding on without full answers?	What small trust step will we take today?
S158	What themes of justice and protest showed up?	What did Job claim about integrity?	Where do we long for fairness now?	What honest request will we bring to God?
S159	What final defenses did Job make?	What does it mean to search our hearts with God?	Where do we need to check our motives?	What next step will we take after reflection?
S160	What new angles did Elihu bring?	What does he say about God as teacher?	Where could we welcome correction?	What listening step will we practice this week?
S161	What pictures of God’s power moved you?	What does humility before mystery do in Job?	Where can we trust God without full answers?	What act of trust will we choose this week?
S162	What lines stayed with you?	What portraits of the righteous and wicked appeared?	How do these touch our choices at school or home?	What prayer or verse will we carry this week?
S163	What cries or praises stood out?	What do we learn about God’s nearness in trouble?	Where do we need help this week?	What one‑sentence prayer will we pray?
S164	What images of God spoke to you?	What do these say about guidance and trust?	How will we practice trust in a situation now?	What verse will we keep on a note card?
S165	What testimonies or laments did you hear?	What do we learn about fear and praise?	What fear do we need to name before God?	What step of praise will we take today?
S166	What refrains or longings did you notice?	What does it mean to thirst for God?	Where do we feel dry or discouraged?	What simple practice will help us seek God?
S167	What contrasts between plotting and trusting stood out?	What responses of faith showed up in hard times?	Where are we tempted to strike back?	What trusting response will we choose instead?
S168	What pictures of creation and blessing did you hear?	What do we learn about justice and mercy?	Who can we pray for in leadership?	What short prayer will we offer this week?
S169	What struggles with envy or doubt appeared?	What changed when the writer met with God?	Where does comparison steal our joy?	What gratitude step will we take today?
S170	What history or warnings were retold?	What lessons should we remember and share?	What story of God’s help can we pass on?	Who will we tell and when this week?
S171	What songs of longing and praise stood out?	What do you notice about God’s faithfulness?	Where do we want to sense God in daily life?	What small practice will help us draw near?
S172	What calls to worship and trust did you hear?	What do these psalms say about God’s reign and care?	How could praise point others to God?	What short praise line will we repeat this week?
S173	What commitments and confessions appeared?	How do these psalms remember God’s works?	What commitment do we need to renew?	What step will help us keep it this week?
S174	What patterns of rescue and thanks came up?	What does it mean to fear the Lord daily?	Where did God help us recently?	Who will we thank or encourage because of it?
S175	What themes of praise and trust did you hear?	How does God lift the humble?	Where do we need humility when seen or praised?	What simple thanks will we offer today?
S176	What lines about God’s word stood out?	What value does Scripture bring to life?	How can we weave Scripture into our day?	What practice will we start (read, memorize, reflect)?
S177	What pilgrim songs or thankful lines did you like?	What do they say about steadfast love?	What journey needs God’s help now?	What short prayer will we pray along the way?
S178	What strong feelings and praises were together?	What does bringing our whole heart to God look like?	Where do we need to bring big feelings to prayer?	What honest step will we take with God?
S179	What reasons to praise filled these psalms?	Who is invited to praise and how?	How could praise shape our routines?	What one way will we practice praise this week?
S180	What contrasts between wisdom and folly stood out?	What is the value of listening and correction?	Where do we most need wisdom for a choice now?	What step will we take to seek counsel this week?
S181	Which sayings or pictures stood out to you?	What do they teach about wise and foolish choices?	Where do we need this wisdom right now?	What step will we take to walk wisely this week?
S182	What themes repeat in these proverbs?	What do they say about words and choices?	Where do our words need more care?	What speaking habit will we practice this week?
S183	Which contrast was most striking to you?	What does it reveal about the heart?	Where do our habits guide our path?	What small good habit will we start today?
S184	What counsel or warning helped you most?	What do these sayings teach about friendship and correction?	Where do we need honest feedback?	Who will we invite to speak into our life?
S185	What do these proverbs value most?	What do they teach about work and laziness?	Where do we need steady effort this week?	What daily step will we repeat together?
S186	Which proverb fits our life today?	What wisdom does it give about temptation?	Where do we face that temptation now?	What boundary will we keep this week?
S187	What struggles with meaning did you notice?	What does the writer say about work and pleasure?	Where do we chase things that do not satisfy?	What practice will help us enjoy God’s gifts wisely?
S188	What tensions did you hear between joy and limits?	What does it mean here to fear God?	How could reverence shape our plans this week?	What simple joy will we receive with thanks?
S189	What words about love and promise did you hear?	What does this poem value in relationships?	How can we show respect and kindness in our home?	What boundary or habit will help us honor others?
S190	What charges and hopes were named?	What does God want from His people here?	Where must justice and worship meet in us?	What act of kindness or fairness will we do?
S191	What part of Isaiah’s vision stood out?	What does holy mean in this chapter?	How does God’s call meet our weakness?	What yes to God will we give this week?
S192	What warnings and promises did you notice?	What does Emmanuel’s reign look like?	Where do we long for that kind of peace?	How will we live under that hope today?
S193	Which nations were addressed, and why?	What does God judge among the nations?	Where do we see pride or cruelty today?	What prayer or action for justice will we take?
S194	What patterns repeat across these prophecies?	What do idols promise but fail to give?	Where are we tempted by false security?	What will we trust God with this week?
S195	What signs of judgment and rescue appeared?	What does this teach about God’s rule?	Where do we need hope in hard news?	What faithful step will we take today?
S196	What themes continued from before?	What do we learn about pride and trust?	Where do we rely on our own strength?	How will we depend on God this week?
S197	What future hope is described here?	What does God promise to His people?	Where do we need courage now?	What step will show our trust in that promise?
S198	What rescue and what mistake did you hear?	What do they teach about trust and pride?	Where could success make us drift?	What humble guard will we set this week?
S199	What images of God’s power stood out?	How are idols different from the Lord?	Where do we feel weak or afraid now?	What truth from here will we hold to?
S200	What marks the Servant’s mission?	What contrasts appear between God and idols?	Where do we need gentle justice and healing?	What response of trust will we offer today?
S201	What did God say about Cyrus and history?	What does this show about God’s control?	Where do we struggle to see God at work?	What patient trust will we practice this week?
S202	What roles of the Servant are highlighted?	What hope is offered to the tired?	Where do we feel called to serve others?	What small servant step will we take today?
S203	What suffering and victory are described?	What does this say about God’s way to save?	How does this shape our view of Jesus?	How will we respond to this grace this week?
S204	What kind of fasting and justice does God want?	What promises follow humble repentance?	Where could we practice true fasting now?	What act of mercy will we choose this week?
S205	What pictures of judgment and renewal appear?	What hope is given to God’s servants?	Where do we need that hope for the future?	What step will align us with God’s future today?
S206	What parts of Jeremiah’s call stood out?	What did God promise him?	Where do we fear speaking truth?	What brave, kind step will we take this week?
S207	What sins were named here?	What did God warn would happen?	Where are similar roots in our world?	What turn‑back step will we take today?
S208	What false trusts were exposed?	What does true worship require?	Where do we act without heart?	What honest change will we seek this week?
S209	What covenant failures were described?	What do they show about stubborn hearts?	Where do we resist God’s ways?	What practice will help us return to Him?
S210	What shows God’s reluctance to judge?	What does this teach about sin’s harm?	Where do we downplay hurtful choices?	What wise limit will we set this week?
S211	What signs of mercy appeared?	What conditions were given for return?	Where do we see God opening a door?	What step will we take through that door?
S212	What opposition did Jeremiah face?	How did he respond under pressure?	Where do we need courage to keep going?	What support will we seek this week?
S213	Which leaders were addressed and why?	What does God require of leaders?	Where do we lead in small ways?	What leader habit will we practice this week?
S214	What conflict over truth did you hear?	What marks a true message?	Where do we need discernment in voices we hear?	What test of truth will we use this week?
S215	What hope was given to the exiles?	What did the new covenant promise?	Where do we need hope in a long season?	What patient practice will we adopt this week?
S216	What action did Jeremiah take by faith?	What does this show about hope in crisis?	Where can we act now toward a future good?	What small investment will we make this week?
S217	What covenants were compared?	What faithfulness was praised?	Where do we need to keep our word?	What promise will we honor this week?
S218	What trials continued for Jeremiah?	What kept him faithful under pressure?	Where are we tired of doing good?	What perseverance step will we take today?
S219	What scenes marked the fall of the city?	What do you learn about consequences and grief?	Where do we see the cost of ignoring warnings?	What wise change will we make now?
S220	What choices led toward Egypt?	What do they show about fear and trust?	Where do fear‑based choices tempt us?	What trust choice will we make this week?
S221	What judgments were announced?	What does this teach about God’s justice?	Where do we long to see justice today?	What prayer for justice will we offer?
S222	What further judgments were declared?	What reasons were given for them?	Where do we see the same roots of harm?	What step will we take toward repair?
S223	What fate awaited Babylon here?	What does this say about pride and power?	Where do we trust in image or status?	What humble action will we choose today?
S224	What closing notes ended Jeremiah’s book?	How did the ending confirm earlier warnings?	What lesson will we keep from this book?	What practice will help us remember it?
S225	What images of grief stood out?	What do they teach about sin and sorrow?	Where do we need to lament honestly?	What prayer of lament will we bring to God?
S226	What turns toward hope appeared?	What was remembered about God’s mercy?	Where do we need hope to rise again?	What daily mercy reminder will we keep?
S227	What part of the vision stayed with you?	What does God’s glory communicate here?	How does awe change our daily life?	What practice will help us live with awe?
S228	What actions did Ezekiel act out?	What message did they send?	Where do we need a wake‑up call today?	What change will we make before day’s end?
S229	What reasons were given for God’s departure?	What do we learn about idolatry and God’s presence?	Where do we crowd out God in daily life?	What will we remove to make room for Him?
S230	What signs of exile were acted out?	What do they reveal about stubborn hearts?	Where do warnings fail to move us?	What step of humble listening will we take?
S231	What strong pictures describe unfaithfulness?	What do they show about covenant love?	Where do we treat promises too lightly?	What faithful act will we choose this week?
S232	What images of judgment and sorrow stood out?	How do justice and mercy both appear here?	Where do we need both truth and kindness?	What wise blend will we practice this week?
S233	What history of rebellion was recalled?	What does this reveal about God’s patience?	Where are we repeating old mistakes?	What new path will we take starting today?
S234	What hard pictures are used to confront sin?	What do they say about betrayal and result?	Where do we see broken trust today?	What faithful repair can we begin this week?
S235	Which nations were addressed here?	What lessons are there about pride and harm?	Where must we resist contempt for others?	What respectful action will we take today?
S236	What judgments fell on Egypt’s pride?	What does this reveal about false strength?	Where do we lean on fragile supports?	What stronger trust will we practice this week?
S237	What was Ezekiel’s watchman role?	What responsibility did he have to warn?	Where should we speak up with care and truth?	What careful word will we share this week?
S238	What shepherd images showed God’s care?	What promises of renewal were given?	Where do we need that shepherding now?	What step will we take to receive His care?
S239	What visions of new life appeared?	What do they show about God’s Spirit and future?	Where do we hope to see renewal?	What act of hope will we practice this week?
S240	What details of the measured temple stood out?	What do order and holiness communicate?	Where do boundaries help us meet with God?	What boundary will we honor this week?
S241	What moment marked the return of glory?	What does this mean for worship and life?	Where do we sense God rebuilding our hearts?	What worship response will we bring this week?
S242	What roles and rhythms filled this vision?	What do special times teach about community?	Which rhythm could shape our week well?	What time will we guard for God this week?
S243	What life‑giving images stood out?	What do they show about God with His people?	Where do we long to see healing flow?	What step will we take toward that healing?
S244	What pressures tested Daniel and friends?	What choices kept them faithful?	Where do we need resolve in a hard place?	What faithful practice will we keep this week?
S245	What rescues and humblings happened?	What do they show about God’s rule?	Where do we need courage to stand firm?	What bold yet kind step will we take?
S246	What warning showed up at the feast?	What does Daniel’s witness show under threat?	Where could integrity cost us something?	What choice will we make to stay faithful?
S247	What visions or themes stood out?	What do they teach about God’s final rule?	Where do we need endurance and hope?	What practice will help us endure this week?
S248	What insights about future conflicts appeared?	What does this say about unseen struggle?	Where do we feel outmatched or anxious?	What prayer will we keep in those moments?
S249	What signs of steadfast love did you hear?	What did unfaithfulness cost in this story?	Where do we return to lesser loves?	What turn back to God will we make today?
S250	What calls to return were heard?	What does God promise to people who come back?	Where do we need to come home to God?	What practical step will we take today?
S251	What pictures describe the Day of the Lord?	What responses does God invite?	Where do we need a full‑heart return to God?	What act of repentance will we practice now?
S252	What injustices were called out?	What does God want instead of empty worship?	Who near us needs us to do what is right?	What just action will we take this week?
S253	What visions did Amos receive?	What hope remained after judgment?	Where do we need both truth and hope today?	What step will we take to seek both together?
S254	What was Edom judged for?	What warning do we see about pride and gloating?	Where are we tempted to cheer others’ falls?	What humble compassion will we show instead?
S255	What surprised you in Jonah’s story?	What does God’s mercy to Nineveh reveal?	Who is hard for us to show mercy to?	What merciful step will we take this week?
S256	What charges and hopes appear in Micah?	What does God require of His people?	Where can we do justice and love mercy now?	What humble step will we take this week?
S257	What laments and promises were together?	What hope did Micah hold for the future?	Where do we need that hope today?	What prayer of hope will we pray this week?
S258	What picture of God’s justice did you see?	What comfort is offered to the oppressed?	Where do we long for God to set things right?	What faithful trust will we practice today?
S259	What questions did Habakkuk bring?	What answers or tensions remained?	Where will we choose faith when answers delay?	What practice will help us rejoice while we wait?
S260	What warnings and songs appeared?	What hope is offered to the humble who seek God?	Where do we need humility and courage together?	What seeking step will we take this week?
S261	What priorities did Haggai confront?	What promise did God give to rebuilders?	Where have we delayed good work we should do?	What first step will we take to rebuild?
S262	What visions encouraged the people to build?	What do they say about cleansing and power?	Where do we need fresh courage to serve?	What act of service will we do this week?
S263	What questions about fasting were answered?	What kind of community did God promise?	Where can we practice truth and peace now?	What peacemaking choice will we make today?
S264	What do these chapters say about the coming King?	What images of salvation and mourning appeared?	Where do we welcome Jesus’ gentle rule?	What step of allegiance will we take this week?
S265	What questions did God raise with His people?	What problems in worship and justice were corrected?	Where do we need a fresh heart in worship?	What change will we make before next week?
S266	What beginnings of the kingdom did you see?	What did Jesus announce and invite people into?	Where do we need to repent and follow Him?	What first step of obedience will we take?
S267	What teachings from the Sermon stood out?	What picture of righteousness did Jesus give?	Where do we need to live this at school or home?	What practice will we start this week?
S268	What signs and responses marked Jesus’ work?	What do we learn about faith and authority?	Where do we need to trust Jesus’ authority now?	What act of trust will we take this week?
S269	What parables or questions stood out?	What do they reveal about the kingdom’s growth?	Where do we see small beginnings with big promise?	What faithful seed will we plant this week?
S270	What conflicts and confessions appeared?	What do we learn about faith under pushback?	Where is it hard to follow Jesus right now?	What step will we take to follow anyway?
S271	What values did Jesus teach here?	What do they show about forgiveness and humility?	Where do we need these at home or school?	What step will we take to practice them?
S272	What scenes stood out to you?	What do they show about cost and priorities?	Where is Jesus asking us to trust Him?	What step of obedience will we take?
S273	What responses to Jesus did you notice?	What does this reveal about His authority?	Where will we welcome His authority this week?	What act of honor will we offer Him?
S274	What warnings and hopes did you hear?	What do they teach about being ready and faithful?	Where do we feel unprepared or distracted?	What watchful habit will we begin?
S275	What moments moved you most?	What do they show about love and betrayal?	Where is it hard to stay loyal to Jesus?	What loyal step will we take today?
S276	What details about the cross and empty tomb stood out?	What does this mean for hope and mission?	Where do we need resurrection hope now?	What witness will we share this week?
S277	What first actions marked Jesus’ work?	What do they show about the gospel’s power?	Where do we need good news today?	What response will we make now?
S278	What kinds of needs did Jesus meet?	What does this model about serving others?	Who near us needs quiet help?	What act of service will we do this week?
S279	What tensions did you hear as Jesus served?	What do we learn about power and humility?	Where can we serve even when it costs?	What humble step will we take?
S280	What confessions or confusions appeared?	What does Jesus teach about following Him?	Where do we resist the way of the cross?	What surrender will we offer this week?
S281	What teaching challenged ambition here?	What does true greatness look like?	Where could we take a lower place?	What serving choice will we make?
S282	What questions or traps were raised for Jesus?	How did He answer with wisdom and truth?	Where do we need wise words under pressure?	What practice will help us answer well?
S283	What failures and faithfulness did you notice?	What does this show about weakness and prayer?	Where are we vulnerable to fear or denial?	What guard of prayer will we keep?
S284	What scenes of injustice and victory stood out?	What does the cross and resurrection mean to you?	Where do we need courage because He lives?	What bold faith step will we take?
S285	What surprises filled these birth stories?	What do they show about timing and grace?	Where do we need to trust God’s timing?	What small act of faith will we take?
S286	What preparations or tests appeared?	What do we learn about identity and mission?	Where is God preparing us quietly now?	What practice will ready our hearts?
S287	What calls or healings stood out?	What do they show about following daily?	Where might Jesus be calling us to leave something?	What step will we take to follow?
S288	What links did you see between faith and healing?	What did Jesus notice in those who came?	Where will we reach out in faith this week?	What prayer will we bring to Jesus?
S289	What milestones closed this phase?	What does Jesus expect of His disciples now?	Where can we put learning into practice?	What action will we take this week?
S290	What choices showed Jesus’ resolve?	What does discipleship cost look like here?	Where do we need focused resolve today?	What distraction will we lay down?
S291	What teachings challenged comfort or fear?	What do they say about trust and priorities?	Where do priorities need rearranging?	What first change will we make?
S292	Which parable or healing stayed with you?	What truth about the kingdom did you notice?	Where do we see that truth in daily life?	What small act will live it out?
S293	What habits of faith did Jesus commend?	What obstacles did He warn about?	Which habit do we need most now?	What step will we take to grow it?
S294	What did you notice about mercy and justice?	What does Jesus look for in hearts here?	Where do we need a fresh heart today?	What prayer will we make this week?
S295	What responses to Jesus appeared?	What does His authority challenge in people?	Where is Jesus challenging our comfort?	What obedient step will we take?
S296	What warnings or prayers were missed?	What do we learn about weakness and grace?	Where do we need watchfulness in temptation?	What watch will we keep this week?
S297	What moved you most in this account?	What does the resurrection call us to do?	Where will we live differently because He rose?	What witness will we share soon?
S298	What titles or images describe Jesus?	How did the first disciples respond?	Where do we need to come and see again?	What step will we take toward Jesus?
S299	What signs or talks stood out here?	What do they reveal about new life in Jesus?	Where do we need His transformation today?	What request will we bring to Him?
S300	What patterns connect these signs?	What do they say about hunger, fear, and faith?	Where are we hungry or afraid now?	What trust step will we take?
S301	What debates or claims about Jesus arose?	What did Jesus reveal about Himself here?	Where do we need to take a stand on Jesus?	What confession will we make this week?
S302	What changed in the healed person’s life?	What did leaders’ reactions reveal?	Where do we fear others’ opinions now?	What faithful choice will we make anyway?
S303	What emotions surrounded this sign?	What does Jesus show about life and death?	Where do we need His comfort or power?	What prayer will we ask Him to answer?
S304	What act of service stood out?	What does Jesus teach about love and identity?	Where can we serve without being noticed?	What simple act will we do this week?
S305	What images of abiding and unity spoke to you?	What does fruitfulness look like here?	Where do we need to remain in Jesus this week?	What practice will help us abide?
S306	What injustices and fulfillments appeared?	What does Jesus’ sacrifice mean for us?	Where do we need to rest in His finished work?	What response of gratitude will we offer?
S307	What proofs and meetings were recorded?	What mission did Jesus give His followers?	Where can we be a witness this week?	What next step will we take today?
S308	What happened when the Spirit came?	What does this mean for fear and boldness?	Where do we need Spirit-given courage now?	What prayer will we pray for power?
S309	What tensions rose as the church grew?	How did believers respond under pressure?	Where do we need courage to obey God?	What bold step will we take this week?
S310	What ministries multiplied here?	What do we learn from Stephen’s witness?	Where can we serve despite pushback?	What steady act will we continue?
S311	What changed in Saul’s life and direction?	What does this show about grace and calling?	Where could God be turning us around?	What step will we take in that new direction?
S312	What barriers were crossed in this story?	What does God show about welcome and inclusion?	Who is outside our usual circle now?	What welcome step will we take?
S313	What patterns of preaching and response appeared?	What kept the team focused amid pushback?	Where do we need endurance in serving?	What practice will help us keep going?
S314	What problem did the church solve here?	What does the decision say about grace?	Where do we add burdens God does not?	What freeing step will we take?
S315	What new doors and detours showed up?	What does guidance look like on the move?	Where do we need guidance right now?	What step will we take with the light we have?
S316	What growth and conflicts marked this time?	What do you notice about teaching and change?	Where do we need deeper learning or repentance?	What step will we take to grow?
S317	What led to Paul’s arrest?	What does courage look like in his defense?	Where could we speak truth under pressure?	What words will we prepare in prayer?
S318	What hearings and appeals happened?	What does Paul model in witness and reason?	Where do we need gentle, clear words now?	What respectful response will we give?
S319	What crises and rescues happened on the way?	What does leadership look like in the storm?	Where are we weathering a storm now?	What stabilizing step will we take?
S320	What problem with sin is described?	What does this mean for every person?	Where do we see this around us now?	What honest step toward God will we take?
S321	What good news is announced here?	What does faith do that law cannot?	Where do we try to earn what God gives?	What trust step will we take today?
S322	What changes when we live by the Spirit?	What hope is given for our struggle?	Where do we need the Spirit’s help now?	What prayer will we pray each day this week?
S323	What story of mercy unfolds here?	What does this say about God’s plan and people?	Where do we need humility in God’s story?	What worship response will we bring?
S324	What marks a changed life in this text?	What does love look like in practice here?	Where can we show this kind of love?	What act of love will we choose?
S325	What teamwork did you notice here?	What do these greetings reveal about the church?	Who helps us follow Jesus well now?	How will we thank or support them this week?
S326	What problems were addressed in this church?	What does true unity rest on here?	Where do we need to lay aside pride today?	What step will build unity this week?
S327	What guidance was given for purity here?	What principles stand out for honor and care?	Where do we need wisdom in relationships now?	What boundary will we keep this week?
S328	What does Paul teach about freedom and love?	How should freedom be used with others?	Where do we need self-control for someone’s good?	What choice will we make out of love?
S329	What do you learn about love and worship here?	What order and purpose guide the church?	Where can we build others up when we meet?	What encouraging word will we speak?
S330	What hope does the resurrection secure here?	How does that shape work and giving?	Where do we need a new perspective now?	What generous act will we plan?
S331	What hardships and comforts were named?	What does ministry look like through weakness?	Where do we need comfort to keep serving?	What step will we take in dependence on God?
S332	What treasure in jars of clay did you see?	What does grace change in relationships?	Where do we need to forgive or reconcile?	What move toward grace will we make?
S333	What examples of giving stood out?	What principles guide cheerful giving?	Where can we share to meet a need now?	What gift will we prepare this week?
S334	What marks true and false servants?	What warnings does Paul give?	Where do appearances mislead us today?	What test will we use before trusting a voice?
S335	What story did Paul tell of his calling?	What does this show about grace vs. earning?	Where do we rest in approval more than grace?	What truth will we hold this week?
S336	What is the core of the gospel here?	What fruit should follow faith in Christ?	Where do we want to see this fruit grow?	What step will we take to walk by the Spirit?
S337	What blessings in Christ were listed?	What does adoption into God’s family mean?	Where do we forget our true identity?	What reminder will we carry this week?
S338	What practices mark a healthy church family?	What old ways must be put off here?	Where do we need new habits in speech or life?	What new way will we put on this week?
S339	What themes of joy and unity appeared?	What practices fight anxiety and division?	Where can we choose joy in our routine?	What habit will help us rejoice daily?
S340	What does Paul say about Jesus’ supremacy?	What changes when Christ is our center?	Where are we pulled off center now?	What Christ-centered step will we take?
S341	What hopes and commands shape waiting here?	What does holy living look like in this text?	Where do we need hope to keep going?	What step will help us stay awake to God?
S342	What confusions about the return were corrected?	What steadiness does Paul call for?	Where do rumors unsettle our faith now?	What grounding truth will we repeat?
S343	What instructions did Paul give Timothy?	What example should leaders set?	Where can we be faithful with small things?	What step will we take to serve steadily?
S344	What charges and comforts stood out?	What does finishing the race involve?	Where do we need endurance today?	What step will help us finish well?
S345	What truths about salvation were emphasized?	What does grace train us to do now?	Where do we need grace to change habits?	What good work will we devote to this week?
S346	What requests did Paul make to Philemon?	What does gospel reconciliation look like?	Where do we need to repair a relationship now?	What first step will we take?
S347	What comparisons lifted Jesus high?	What warnings urge us to listen to Him?	Where have we drifted from His voice?	What response of faith will we make today?
S348	What kind of priest is Jesus shown to be?	What hope comes from His intercession?	Where do we need His help right now?	What prayer will we bring with confidence?
S349	What makes the new covenant better?	What does Christ’s sacrifice accomplish?	Where do we still carry guilt or shame?	What truth will we rest in this week?
S350	What examples of faith inspired you?	What does running the race require now?	What weight or sin slows us down?	What will we lay aside this week?
S351	What contrasts mark old and new ways?	What practices of love and holiness are urged?	Where do we need peace and purity?	What step will we take today?
S352	What links between faith and works appeared?	What do you learn about speech and wisdom?	Where do we need to put faith into action?	What work of love will we do this week?
S353	What encouragements for suffering did you see?	What hope anchors believers here?	Where do we need courage to do right?	What gentle answer will we give this week?
S354	What warnings about false teaching were given?	What hope points to the Lord’s patience?	Where do we need diligence and hope together?	What step will help us grow in grace?
S355	What tests of truth and love were given?	What does walking in the light look like?	Where do we need assurance or change now?	What step will we take toward the light?
S356	What danger did John warn about?	What does faithful love look like now?	Where do we need to guard our home or heart?	What boundary will we set this week?
S357	What problem did John address here?	What does honest hospitality look like?	Who could we welcome or support this week?	What act of hospitality will we do?
S358	What threats to the faith were highlighted?	What must believers build themselves up in?	Where do we need mercy and watchfulness now?	What step will help us contend well?
S359	What strengths and weaknesses were named?	What calls to repent or endure stood out?	Which message speaks most to us now?	What response will we make this week?
S360	What visions and cries did you notice?	What hope do the sealed receive?	Where do we need endurance in trial now?	What prayer will keep us steady?
S361	What warnings and judgments unfolded?	What response is God seeking from people?	Where do we need to turn from compromise?	What step of repentance will we take?
S362	What symbols of conflict and hope appeared?	What do they teach about faithful endurance?	Where do we feel worn out in the fight?	What practice will renew our strength?
S363	What scenes of judgment filled this reading?	What do they reveal about God’s justice?	Where do we long for final justice now?	What trust will we hold in the meantime?
S364	What contrasts appear between Babylon and the Lamb?	What warnings call people to come out?	Where are we drawn to Babylon-like habits?	What break will we make this week?
S365	What pictures of the new creation moved you?	What promises anchor our hope?	Where do we need this hope today?	What step will help us live as citizens of that city?