School Questions				
				
				
segment code	question1	question2	question3	question4
S001	What patterns or repeated words did you notice while reading?	What does this passage suggest about God’s character?	How might this shape how you view people at school?	What is one way you can reflect God’s care this week?
S002	What moments stood out most in this story, and why?	How does the passage describe the pull of temptation?	Where do you notice similar patterns in student life?	What wise boundary will you try this week?
S003	What differences do you see between Noah and his world?	Where do you see both justice and mercy in the story?	When is it hardest for you to follow God at school?	What small step of integrity will you practice this week?
S004	What motives do you notice behind building the city and tower?	What does God’s response reveal about pride and limits?	Where do you see name‑making or exclusion in your context?	What bridge‑building step could you take this week?
S005	What does God call Abram to do in this passage?	What costs or risks might obedience have meant for Abram?	Where might God be inviting you to trust Him at school?	What first step of faith will you take this week?
S006	What promises or signs are highlighted in this passage?	What does this show about God’s faithfulness and timing?	How does promise‑keeping shape friendships at school?	What commitment will you honor carefully this week?
S007	What tensions do you notice between justice and mercy here?	What do Abraham’s actions show about intercession and care?	Where do you see brokenness that calls for courage and compassion?	What careful, kind action will you take this week?
S008	What inner struggle do you sense in this story?	What does this passage say about trust and surrender?	Where is trust hardest for you right now at school?	What step of trust will you take this week?
S009	What key changes happen in this family’s story?	What does this suggest about God working across generations?	How does long‑term faithfulness encourage you in slow seasons?	What patient practice will you keep this week?
S010	What motives seem to drive the choices made here?	What consequences of deception do you notice in the story?	Where are you tempted to cut corners in student life?	What honest choice will you make this week?
S011	What new dynamics or tensions appear in these chapters?	What do these dynamics show about comparison and rivalry?	Where do you notice similar pressures in friend groups or teams?	What peacemaking step could you try this week?
S012	What turning points stand out to you in this reading?	What does Jacob’s wrestling suggest about identity and fear?	Where are you wrestling with God or yourself right now?	What honest prayer or conversation will you start this week?
S013	What decisions lead to resettling here?	What do you notice about God’s care in messy situations?	How does this speak to you in a season of change at school?	What steady step will you take in a change you face?
S014	What hardships does Joseph face in this section?	What traits of character grow through these trials?	Where do setbacks test your character at school?	What resilient habit will you practice this week?
S015	What moments reveal Joseph’s wisdom and humility?	What does the story warn about success and power?	How can you stay grounded when you are noticed or praised?	What grounding practice will you keep this week?
S016	What emotions or motives drive the brothers here?	How does Joseph handle power and past hurt?	Where could you show wise mercy in a tense relationship?	What step toward reconciliation will you take?
S017	What emotions and risks are present in reunion?	What does this passage show about forgiveness and trust?	Where might God be inviting you to rebuild trust?	What first step toward peace will you try this week?
S018	What themes of blessing or legacy do you notice?	What do these endings say about faith over a lifetime?	How does thinking about legacy shape your choices now?	What priority will you realign this week?
S019	What forms of suffering and hope appear here?	What does God’s call of Moses reveal about purpose?	Where might God be nudging you to speak or serve at school?	What small act of courage will you take this week?
S020	What fears or obstacles surface in this reading?	What do you learn about obedience under pressure?	Where do you feel pressure to stay silent or give up?	What faithful action will you take despite pressure?
S021	What patterns do you see across the plagues?	What does this show about hard hearts and second chances?	Where do you notice stubborn patterns in your own life?	What change will you practice to soften your heart?
S022	What instructions or symbols stand out to you?	What does this teach about rescue and belonging?	How might remembering God’s care shape your week?	What simple reminder will you keep before you this week?
S023	What choices and emotions mark this escape?	What does the rescue reveal about fear and trust?	Where do you feel stuck and in need of God’s help?	What step will you take while trusting God to make a way?
S024	Where do you see complaint and where provision?	What does this show about gratitude and daily trust?	How could gratitude shift your school week?	What daily practice of thanks will you try?
S025	Which commands strike you most today?	What do these reveal about loving God and neighbor?	How would life at school look if these shaped the culture?	Which one will you focus on living out this week?
S026	What kinds of protections or values are set out here?	What community is God forming through these laws?	Where could fairness or care grow in your context?	What fair action will you practice this week?
S027	What details show God’s desire to dwell with His people?	What do beauty and order in worship communicate?	How could your gifts help create space for God at school?	What contribution will you make this week?
S028	What roles and boundaries do you see for leaders here?	What does holiness look like in daily practice?	Where do you need healthy boundaries to serve well?	What boundary will you set or renew this week?
S029	What practices are highlighted in these instructions?	What do they teach about rest, prayer, and devotion?	Where do you need rest or focus to meet with God?	What simple rhythm will you keep this week?
S030	What led the people toward idolatry in this moment?	What do you notice about Moses’ intercession and God’s mercy?	What modern “idols” compete for your trust at school?	What will you put down and what will you take up this week?
S031	What responses do the people have to God’s plan?	What do you see about generosity and skill in service?	Where could you offer time or talent this week?	What specific task will you volunteer to do?
S032	What completes the work in this passage?	What does God’s presence mean for the community?	How can you honor God’s presence in ordinary places?	What practice will help you notice God this week?
S033	What kinds of offerings are described here?	What do these teach about sin, gratitude, and worship?	How might confession and thanks shape your week?	What honest prayer will you bring to God today?
S034	What additional offerings stand out to you?	What do they suggest about daily life with God?	Where could you turn routine into worship this week?	What daily moment will you dedicate to God?
S035	What steps of ordination do you notice?	What does this show about preparation for serving?	How might you prepare your heart before serving others?	What preparation step will you take this week?
S036	What distinctions are made in this section?	What values about health and holiness appear here?	How could wise care of body and soul help your week?	What healthy habit will you practice faithfully?
S037	What additional patterns of care do you see?	What does attention to detail teach about holiness?	Where do small choices shape your character at school?	What small faithful choice will you repeat this week?
S038	What images of atonement stand out to you?	What does this teach about sin, forgiveness, and access to God?	How does forgiven people live differently at school?	What step will you take to seek or extend forgiveness?
S039	What commands or warnings are emphasized here?	What do they show about God’s heart for distinct living?	Where are you called to be different for the right reasons?	What one difference will you practice this week?
S040	What expectations are placed on those who lead?	What does this suggest about example and influence?	Where do you have influence among peers?	What example will you set this week?
S041	What rhythms or festivals are described here?	What do they teach about remembering God together?	What rhythm helps you remember God in busy weeks?	What reminder will you schedule into your week?
S042	What practices of rest and release appear here?	What do they reveal about trust, justice, and renewal?	Where do you need rest or to release a burden?	What reset will you practice this week?
S043	What choices and outcomes are set side by side?	What does this teach about the path of blessing?	Where do your choices steer your week at school?	What wise choice will you make today?
S044	What purposes might this census serve for the people?	What does ordered preparation show about trust and mission?	Where do you need structure to serve better at school?	What organizing step will you take this week?
S045	What unique role do the Levites have here?	What does set‑apart service look like in practice?	Where might God be setting you apart to serve others?	What service will you offer this week?
S046	What practices of consecration stand out to you?	What do they show about living under God’s blessing?	How could consecrated habits shape your school life?	What habit will you dedicate to God this week?
S047	What preparations and celebrations happen here?	What do you learn about starting well with God?	Where do you need to prepare before you move forward?	What first step will you take to prepare well?
S048	Where do you see complaint and where care in this story?	What does this reveal about trust and contentment?	Where do you slip into complaint during busy weeks?	What gratitude practice will you choose instead?
S049	What reports and reactions stand out to you?	What does fear vs. faith look like in this moment?	Where is fear shrinking your vision at school?	What faith step will you take despite fear?
S050	What sparks the rebellion here?	What do you learn about authority, pride, and humility?	Where do you resist guidance that could help you grow?	What humble step will you take this week?
S051	What provisions or victories are highlighted?	What does this show about God’s care in hard places?	Where have you seen small wins in a tough season?	What gratitude or testimony will you share this week?
S052	What tensions do you notice in Balaam’s choices?	What does this passage suggest about motives and integrity?	Where are mixed motives pulling you off course?	What clear, honest step will you take this week?
S053	What shifts do you notice compared to the first count?	What does this say about generations and readiness?	How can you help the next person take their place well?	What mentoring or support step will you take?
S054	What commitments and rhythms are described here?	What do vows teach about words and follow‑through?	Where do you need to match words with actions?	What commitment will you keep carefully this week?
S055	What lessons stand out from battles and travels?	What do you learn about perseverance and guidance?	Where do you need steady perseverance at school?	What steady action will you repeat each day?
S056	What instructions prepare them for the new land?	What do boundaries and plans reveal about wisdom?	Where do you need clear boundaries to thrive?	What boundary will you set or renew today?
S057	What memories or reviews are emphasized here?	What does remembering teach about faith and identity?	What memory of God’s help strengthens you now?	How will you remember and share it this week?
S058	What calls to listen stand out in this passage?	What does this say about hearing and doing God’s word?	Where do you need to match listening with action?	What small act of obedience will you do today?
S059	What central themes of the covenant appear here?	What do they show about love, loyalty, and worship?	How can covenant love shape your school relationships?	What act of loyal love will you practice this week?
S060	What aims or outcomes of obedience are described?	What do you learn about blessing and witness?	Where could your choices point others toward God?	What witness will you live out this week?
S061	What kinds of justice or care are urged here?	What does this reveal about God’s heart for community?	Where could fairness or protection grow at school?	What just action will you take this week?
S062	What further instructions stand out to you?	What values are being formed by these laws?	Where do these values challenge your habits?	What change will you practice for one week?
S063	What protections or limits are emphasized here?	What do they teach about wisdom and restraint?	Where do you need wiser limits online or in speech?	What limit will you observe this week?
S064	What themes repeat across these laws?	What picture of community forms from these themes?	Where could your group reflect this picture more?	What one practice will you add to your routine?
S065	What choices and outcomes are contrasted again here?	What do you learn about the direction of a life?	Where do your daily choices lead you right now?	What course correction will you make today?
S066	What invitation or warning is presented here?	What does choosing life look like in practice?	Where do you need to choose life over lesser things?	What life‑giving step will you take this week?
S067	What moments of transition stand out here?	What does this teach about leadership handoffs and praise?	Where could you help someone step into leadership?	What encouragement will you speak this week?
S068	What blessings or farewells are given here?	What do they reveal about God’s faithfulness to the end?	How does this shape how you finish seasons well?	What finish‑well step will you take this week?
S069	What words or commands to Joshua stand out?	What does this say about courage and meditation on God’s word?	Where do you need courage to obey at school?	What truth will you meditate on each day?
S070	What acts of trust do you notice in this story?	What does God’s way of victory teach you about faith?	Where might obedience look unusual but faithful?	What faithful step will you take this week?
S071	What factors contribute to the setback here?	What do you learn about honesty, sin, and community impact?	Where could hidden choices be hurting your group?	What step of confession or repair will you take?
S072	What progress and challenges are recorded here?	What does steady obedience look like over time?	Where do you need steady follow‑through at school?	What next step will you schedule this week?
S073	What boundaries and portions are described?	What does this teach about order and fairness?	Where do clear roles help teams work well?	What role will you embrace and serve in this week?
S074	What patterns continue in assigning the land?	What values guide the distribution you see?	Where can you practice fairness when resources are limited?	What fair choice will you make today?
S075	What remaining needs or gaps are addressed here?	What does this show about finishing tasks well?	Where do you leave things half‑done in school life?	What will you complete before the week ends?
S076	What reminders or warnings does Joshua give?	What do they teach about loyalty and compromise?	Where are you tempted to drift from your convictions?	What guardrail will you set this week?
S077	What cycle do you see repeating here?	What does this teach about the heart and habits?	Where do you notice this cycle in your own choices?	What early step will you take to break the cycle?
S078	What leaders or moments stood out to you?	What do these stories suggest about unlikely instruments of God?	Where might God use your unique strengths?	What step of service will you take this week?
S079	What doubts and signs appear in Gideon’s story?	What does God’s patience teach you about growing faith?	Where do you need courage in weakness at school?	What small act of courage will you take today?
S080	What warning signs do you see in Abimelech’s rise?	What do you learn about ambition and accountability?	Where could power plays harm your group or team?	What accountable step will you add this week?
S081	What stands out about vows and words here?	What does this reveal about rash promises and wisdom?	Where do your words run ahead of wisdom?	What careful speaking habit will you practice?
S082	What strengths and weaknesses do you notice in Samson?	What does this teach about calling and compromise?	Where are you strong yet vulnerable at school?	What safeguard will you put in place this week?
S083	What scenes show moral confusion in this section?	What does this reveal about life without a true guide?	Where do you see “everyone does what they want” at school?	What guiding truth will you follow this week?
S084	What further examples deepen the concern here?	What does this say about community without justice?	Where can you be a voice for what is right and kind?	What protective step will you take for someone vulnerable?
S085	What choices by Ruth and Boaz stand out to you?	What do you learn about loyalty, courage, and kindness?	Where could loyal kindness change a situation at school?	What loyal action will you take this week?
S086	What signs of God’s presence appear in Samuel’s life?	What do you learn about listening and responding to God?	Where do you sense a nudge to listen more closely?	What listening practice will you try this week?
S087	What reasons do the people give for wanting a king?	What does this reveal about fear, comparison, and trust?	Where do you feel pressure to fit in rather than trust God?	What counter‑cultural choice will you make this week?
S088	What moments mark Saul’s rise to leadership?	What do you notice about humility, signs, and calling?	Where could humility shape your leadership among peers?	What humble practice will you choose this week?
S089	What choices show folly in Saul’s leadership?	What lessons do you see about impatience and pressure?	Where do time pressure and image drive your decisions?	What wise pause will you build into your week?
S090	What contrasts appear between Saul and David here?	What does this teach about God seeing the heart?	Where do outward appearances mislead at school?	What heart habit will you cultivate this week?
S091	Which moments of courage or fear stood out in this reading?	What does this story suggest about what God values in a leader?	Where do you face a challenge that feels oversized at school?	What step of faith will you take toward that challenge this week?
S092	What tensions do you notice between Saul, David, and Jonathan?	What do you learn here about loyalty, jealousy, and trust?	Where could you practice loyal friendship under pressure?	What boundary or habit will help you guard your heart this week?
S093	What choices does David make while under pressure?	What do those choices show about fear, wisdom, and trust?	Where do you need wisdom when you feel stressed or cornered?	What wise step will you take before reacting this week?
S094	Where do you see chances for revenge or payback in this passage?	What does David’s restraint reveal about honor and patience?	Where could restraint break a harmful cycle in your context?	What gracious response will you choose if provoked this week?
S095	What contrasts do you see between Saul’s fear and David’s response?	What does this teach about seeking God versus quick fixes?	Where are you tempted to take a shortcut instead of seeking God?	What practice will help you seek God first this week?
S096	What emotions and actions mark David’s lament?	What does lament here teach about grief and leadership?	Where do you need space to grieve or honor someone well?	What simple step will you take to practice honest lament?
S097	What steps lead from waiting to David’s kingship?	What do you notice about patience, timing, and promise?	Where is waiting shaping your character right now?	What faithful habit will you keep while you wait?
S098	Which promises or themes stand out most to you?	What does this covenant reveal about God’s kingdom and grace?	How does promise shape your hope during school pressures?	What hope practice will you carry into this week?
S099	Which victories or breakthroughs are highlighted here?	What safeguards keep success humble and God‑centered?	How will you handle success without losing humility?	What gratitude step will you take after a win this week?
S100	What early warning signs lead toward failure here?	What does this passage show about sin, confession, and consequence?	Where could small compromises grow into bigger harm?	What guardrail will you set in place this week?
S101	What seeds of division begin to show up in this section?	What do you learn about flattery, ambition, and influence?	Where do you see similar tactics shaping student life?	What peacemaking step could you take this week?
S102	Which decisions push the conflict forward here?	What does this reveal about counsel, pride, and listening?	Whose voices most influence your choices right now?	What wise counsel will you seek before you decide?
S103	What actions and attitudes lead toward restoration?	What do you notice about mercy, justice, and unity here?	Where do you sense a need for restoration in a group you’re in?	What step toward repair will you take this week?
S104	What highs and lows mark this period of David’s life?	What does this suggest about finishing with humility and trust?	Where do end‑of‑season choices matter most for you?	What finish‑well practice will you adopt this week?
S105	What challenges surround this leadership transition?	What does Solomon’s start show about wisdom and dependence?	Where are you facing a new responsibility or role?	What first step will you take to seek wisdom for it?
S106	What request defines Solomon’s beginning?	What does God’s response show about what He values?	Where do you most need discernment this month?	What daily habit will you use to grow in wisdom?
S107	What effort and care go into this building work?	What does excellence in worship and service look like here?	Where could excellence honor God in your studies or service?	What quality step will you take on a task this week?
S108	What themes in prayer and dedication stand out to you?	What does God’s presence mean for the community here?	How could you dedicate a space or routine to God at school?	What short prayer of dedication will you pray this week?
S109	What turns Solomon’s heart away over time?	What does this warn about drift, desire, and divided loyalty?	Where might comfort or success be pulling you off course?	What course correction will you make today?
S110	What choices and words trigger the division here?	What does this show about listening, pride, and consequences?	Where does stubbornness divide teams or friends around you?	What listening step will you take before speaking this week?
S111	What repeated patterns do you notice across these reigns?	What do you learn about legacy, compromise, and reform?	Which patterns do you want to avoid in your own influence?	What practice will you adopt to shape a better legacy?
S112	What confrontations and moments of faith stand out?	What does this reveal about loyalty to the true God?	Where do you face competing loyalties or mixed motives?	What step will you take to choose faithfulness this week?
S113	What highs and lows does Elijah experience here?	What does God provide in Elijah’s weakness and fear?	Where do you feel depleted or discouraged right now?	What rest or obedience step will you take this week?
S114	What injustices or abuses of power appear here?	What does God say about truth, justice, and authority?	Where do you see misuse of power in your context?	What courageous truth‑telling step will you take wisely?
S115	Which alliances and choices stand out to you?	What do they reveal about partnership, risk, and trust?	Where do your alliances shape your walk with God?	What boundary will you set for healthier influence?
S116	Which personal stories or needs moved you most?	What do you learn about compassion, faith, and God’s care?	Who near you needs quiet help or encouragement?	What simple act of care will you offer this week?
S117	What international scenes or tensions are highlighted?	What does this show about God’s reach among the nations?	Who is outside your usual circle at school or home?	What step will you take toward them this week?
S118	What judgments and reforms unfold in this passage?	What do you learn about zeal, obedience, and motives?	Where do you need zeal guided by wisdom and love?	What focused step will you take this week?
S119	What threats and rescues shape this period?	What does this say about courage, protection, and covenant?	Where can you protect something good that’s at risk?	What safeguard step will you take this week?
S120	What mixed records of leadership do you see here?	What patterns of partial obedience show up across kings?	Where do you tend to stop short of what is good?	What completion step will you take this week?
S121	What choices lead toward weakening and downfall?	What warnings stand out about idolatry and drift?	Where do lesser loves pull your heart away from God?	What re‑centering step will you take today?
S122	What reforms, prayers, or miracles stand out here?	What shows trust in God under threat and pressure?	Where are you facing pressure that tests your trust?	What prayerful step will you take before acting?
S123	What contrasts do you see among these kings?	What do you learn about repentance, renewal, and legacy?	Where do you need a clean start with God?	What repentance step will you take this week?
S124	Which warnings were ignored leading to loss?	What does this show about sowing, reaping, and stubborn hearts?	Where are you ignoring wise counsel right now?	What listening change will you make this week?
S125	Which names or short notes catch your eye?	What does this long memory suggest about identity and promise?	Who has passed faith to you across time or family?	What thanks will you express to a mentor or family member?
S126	What roles or tribes are highlighted here?	What do you notice about calling, skill, and service?	Where do you fit within your community’s shared work?	What part will you play faithfully this week?
S127	Which repeating details or patterns did you notice?	What does this suggest about God’s steady faithfulness?	How does belonging shape the choices you make?	Whom will you honor or encourage for their faithfulness?
S128	What transitions and responses unfold in this reading?	What do you learn about grief, honor, and hope together?	Where are you living between an ending and a beginning?	What anchor practice will keep you steady this week?
S129	What reactions to God’s presence appear in this scene?	What do reverence and joy look like side by side here?	How could reverence and joy meet in your routines?	What worship habit will you practice this week?
S130	What promises and victories are highlighted here?	What do they show about God’s initiative and help?	Where could gratitude replace self‑credit in your life?	What praise step will you take after work well done?
S131	What mistake and mercy appear in this passage?	What do you learn about confession, wisdom, and planning?	Where do you need to admit wrong and adjust your plan?	What correction step will you take this week?
S132	What organization and roles are put in place here?	What does this show about shared service and order?	Where could better structure help your group or team?	What one system will you set up or simplify?
S133	Which roles and responsibilities stand out to you?	What do you learn about stewardship, trust, and teamwork?	Where can you delegate or ask for help to do better?	What team step will you take this week?
S134	What resources and partnerships are gathered here?	What does this say about vision, planning, and teamwork?	Where do you need partners to build something good?	What clear ask will you make of a teammate this week?
S135	What moments of dedication or worship moved you most?	What does this reveal about God’s faithfulness to promises?	How can you dedicate your work or gifts to God this week?	What simple dedication prayer will you offer?
S136	Which achievements and projects are recorded here?	What priorities and pitfalls come with accomplishment?	How will you keep worship above achievement at school?	What practice will keep your heart centered this week?
S137	What counsel choices and outcomes do you see?	What does this show about pride, humility, and listening?	Where have you dismissed wise advice too quickly?	What listening practice will you use before you decide?
S138	What battles, reforms, or prayers stand out here?	What do you learn about reliance on God in crisis?	Where could you rely on God rather than panic?	What prayer‑first step will you take in pressure?
S139	What alliances and prayers mark this reign?	What does seeking God before battle teach you?	Where do you need to pray before you plan?	What first prayer will start your planning this week?
S140	What dangers and rescues shape this stretch of history?	What does this show about God preserving His purposes?	What good thing has God entrusted to you to guard?	What protective step will you take this week?
S141	What patterns do you see among these four kings?	What warning do you notice about pride and drift?	Where could pride creep into your strengths at school?	What humble safeguard will you put in place?
S142	Which reforms and renewals stand out to you?	What does this reveal about trust, worship, and courage?	Where do you need to renew a good habit with God?	What renewal step will you take this week?
S143	What swings between faith and evil appear here?	What do you learn about judgment, repentance, and mercy?	Where do you need hope that change is still possible?	What first step toward change will you take?
S144	What discoveries and responses stand out in Josiah’s time?	What does this show about Scripture reshaping a people?	Where could Scripture re‑center your week at school?	What time will you set to read and respond each day?
S145	What first steps are taken as people return home?	What does rebuilding worship teach after a long setback?	Where do you need to rebuild something that matters?	What first brick will you lay this week?
S146	What kinds of opposition show up in this passage?	What keeps the people steady through resistance?	Where do you face discouragement while doing good?	What steady step will you take despite pushback?
S147	What focus does Ezra bring to the people?	What does setting the heart to study and do teach you?	How could you set your heart to learn and live God’s word?	What small plan will you start this week?
S148	What problem is confronted and how do people respond?	What does real repentance look like in community?	Where do compromises need honest attention in your life?	What clear step will you take to turn back to God?
S149	What burden and plan form in Nehemiah’s heart?	What does prayerful planning teach for hard tasks?	Where do you sense a burden you need to own?	What first move will you make with prayer and wisdom?
S150	What tactics of opposition do you notice?	What helps the people stay focused on the work?	Where do distractions pull you off good work at school?	What focus step will you take to keep building?
S151	What practices restore identity and joy here?	What do confession and celebration do together?	What rhythms help restore your heart after stress?	What rhythm will you build into this week?
S152	What dedication actions and commitments stand out?	What do you learn about accountability and worship?	Where do you need support to keep good commitments?	What accountability step will you set up this week?
S153	What unlikely openings or turns do you see?	What does this suggest about providence and purpose?	Where might your position help you bless others?	What step will you take to serve where you are?
S154	What risks and decisions shape the rescue here?	What does this teach about courage and timing?	Where might you need to speak up for someone?	What respectful step will you take to use your voice?
S155	What losses and responses mark Job’s early story?	What do you learn about honest lament and faith?	Where do you need room to bring pain to God?	What simple prayer will you say in your own words?
S156	What advice do Job’s friends give, and what are its limits?	What does this show about quick answers and real comfort?	How can you be a better friend to someone hurting?	What gentle action will you take to support them?
S157	What accusations or claims appear in this section?	What do you notice about Job’s hope and confusion together?	Where are you holding on without full understanding?	What small trust step will you take today?
S158	What themes of justice and protest show up here?	What does Job claim about integrity before God?	Where do you long for fairness or clarity right now?	What honest request will you bring to God this week?
S159	What final defenses or self‑examination does Job make?	What does this teach about searching the heart with God?	Where do you need to examine motives and actions?	What next step will you take after reflection?
S160	What new angles or corrections does Elihu offer?	What does he say about God’s greatness and teaching?	Where could you welcome fresh correction or insight?	What listening step will you practice this week?
S161	What images of God’s power and wisdom moved you?	What does humility before mystery produce in Job?	Where can you trust God without full answers?	What act of trust will you choose this week?
S162	Which lines from these psalms stayed with you?	What portraits of the righteous and the wicked appear?	How do these portraits intersect with your choices at school?	What practice of meditation or prayer will you try?
S163	What cries or praises stood out in these psalms?	What do you learn about God’s nearness in trouble?	Where do you need help or strength this week?	What one‑sentence prayer will you bring to God?
S164	What images of God (shepherd, rock, shield) spoke to you?	What do these psalms say about guidance and trust?	How will you practice trust in a school situation?	What verse will you carry with you this week?
S165	What testimonies or laments did you notice here?	What do you learn about fear, refuge, and praise?	What fear do you need to name before God today?	What step of praise or seeking help will you take?
S166	What repeated refrains or longings did you hear?	What do these psalms say about thirsting for God?	Where do you feel spiritually dry or discouraged?	What simple practice will help you seek God this week?
S167	What contrasts between plotting and trusting stood out?	What responses of faith appear in hard times?	Where are you tempted to retaliate or despair?	What trusting response will you choose instead?
S168	What pictures of creation and blessing caught your eye?	What do you learn about justice, mercy, and the King?	How will you pray for leaders and communities this week?	What short prayer will you offer for your city or school?
S169	What struggles with envy or doubt appear here?	What shifts when the psalmist enters God’s presence?	Where does comparison steal your joy at school?	What gratitude step will you take to reframe your view?
S170	What history or warnings are retold in these psalms?	What lessons are we meant to remember and pass on?	What story of God’s help could you share with someone younger?	Who will you tell and when this week?
S171	What songs of longing and praise stood out to you?	What do you notice about God’s faithfulness to His promises?	Where do you long to sense God’s presence in daily life?	What small practice will help you draw near this week?
S172	What calls to worship and trust did you see?	What do these psalms say about God’s reign and care?	How could public praise point others to God at school?	What brief line of praise will you repeat this week?
S173	What commitments and confessions appear here?	How do these psalms model remembering God’s works?	What commitment do you need to renew with God?	What step will you take to keep it this week?
S174	What patterns of rescue and thanks recur here?	What does fearing the Lord look like in daily choices?	Where have you seen God rescue you recently?	Who will you thank or encourage because of it?
S175	What themes of praise and trust did you notice?	How does God lift the humble and help the needy here?	Where do you need humility in success or visibility?	What simple act of thanks will you offer today?
S176	What lines about God’s word stood out most to you?	What do you see about the value of Scripture for life?	How could you weave Scripture into your day at school?	What one practice will you start (read, memorize, reflect)?
S177	What pilgrim songs or thankful refrains caught your ear?	What do you learn about God’s steadfast love?	What journey are you on that needs God’s help?	What short prayer will you pray along the way?
S178	What raw emotions and praises appear together here?	What does this show about bringing your whole heart to God?	Where do you need to bring strong feelings into prayer?	What honest step will you take with God this week?
S179	What reasons to praise fill these closing psalms?	What do you notice about who praises and how they praise?	How could praise shape your ordinary routines?	What one way will you practice praise this week?
S180	What contrasts between wisdom and folly stood out?	What value do you see in listening and correction?	Where do you most need wisdom for a choice you face?	What step will you take to seek counsel this week?
S181	Which sayings or images stood out to you?	What do they teach about wisdom and folly?	Where do you need this wisdom right now?	What step will you take to walk wisely this week?
S182	What themes repeat in these proverbs?	What do they say about words and choices?	Where do your words need more care?	What speaking habit will you practice this week?
S183	Which contrasts were most striking to you?	What do they reveal about the heart?	Where do your habits shape your path?	What small habit will you start today?
S184	What counsel or warnings stood out?	What do they show about friendship and correction?	Where do you need honest feedback?	Who will you invite to speak truth to you?
S185	What do these proverbs value most?	What do they teach about diligence and laziness?	Where do you need steady effort at school?	What daily step will you repeat this week?
S186	Which proverb best fits your life today?	What wisdom does it offer about temptation?	Where do you face that temptation now?	What boundary will you set this week?
S187	What struggles with meaning did you notice?	What does the writer say about work and pleasure?	Where do you chase what does not satisfy?	What practice will help you enjoy God’s gifts wisely?
S188	What tensions appear between joy and limits?	What does it mean here to fear God?	How could reverence shape your plans this week?	What simple joy will you receive with thanks?
S189	What picture of love and commitment do you see?	What does the poem value in relationships?	How can you honor others in words and actions?	What boundary or practice will protect love well?
S190	What charges and hopes are named here?	What does God seek from His people?	Where must justice and worship meet in you?	What act of justice will you do this week?
S191	What scenes in the vision struck you?	What does holy mean in this chapter?	How does God’s call meet your weakness?	What yes to God will you offer this week?
S192	What warnings and promises do you hear?	What does Emmanuel’s reign look like?	Where do you long for that kind of rule?	How will you live under that hope today?
S193	Which nations are addressed, and why?	What does God judge among the nations?	Where do you see pride or cruelty today?	What prayer or action will you take for justice?
S194	What patterns repeat across these prophecies?	What do idols promise and fail to deliver?	Where are you tempted by false securities?	What will you trust God with this week?
S195	What signs of judgment and salvation appear?	What does God’s sovereignty mean here?	Where do you need hope in hard news?	What faithful step will you take today?
S196	What themes continue from the last section?	What do you learn about reliance and pride?	Where do you lean on your own strength?	How will you depend on God this week?
S197	What future hope is described here?	What does God promise to the redeemed?	Where do you need that courage now?	What step expresses trust in that promise?
S198	What deliverance and failures are recorded?	What do they teach about trust and pride?	Where could success lead you to drift?	What guard will keep you humble this week?
S199	What images of God’s power stand out?	How are idols contrasted with the Lord?	Where do you feel weak or afraid now?	What truth from here will you cling to?
S200	What marks the Servant’s mission in this text?	What contrasts appear between God and idols?	Where do you need gentle justice and healing?	What response of trust will you offer today?
S201	What does God declare about Cyrus and history?	What does this show about God’s control?	Where do you struggle to see God at work?	What patient trust will you practice this week?
S202	What roles of the Servant are highlighted?	What hope is offered to the weary?	Where do you feel called to serve others?	What small servant step will you take today?
S203	What suffering and victory are described here?	What does this say about God’s way to save?	How does this shape your view of Jesus?	How will you respond to this grace this week?
S204	What kind of fasting and justice does God desire?	What promises follow humble repentance?	Where could you practice true fasting now?	What act of justice or mercy will you choose?
S205	What pictures of judgment and renewal appear?	What hope is offered to God’s servants?	Where do you need that hope for the future?	What step aligns you with God’s future today?
S206	What parts of Jeremiah’s call stand out?	What does God promise to him?	Where do you fear speaking truth?	What obedience step will you take this week?
S207	What sins are named in this section?	What does God warn will happen?	Where are similar roots in your context?	What turn back step will you take today?
S208	What false trusts are exposed here?	What does true worship require?	Where do you perform without heart?	What honest change will you seek this week?
S209	What covenant failures are described?	What does this show about stubborn hearts?	Where do you resist God’s ways?	What practice will help you return?
S210	What images show God’s reluctance to judge?	What does this teach about sin’s seriousness?	Where do you downplay harmful choices?	What wise limit will you set this week?
S211	What signs of mercy appear in these chapters?	What conditions are given for return?	Where do you see God opening a door today?	What step will you take through that door?
S212	What opposition does Jeremiah face?	How does he respond under pressure?	Where do you need courage to keep speaking?	What support will you seek this week?
S213	What leaders are addressed and why?	What does God require of leaders?	Where do you lead, even in small ways?	What leader habit will you practice this week?
S214	What conflict over truth appears here?	What marks a true versus false message?	Where do you need discernment in voices you hear?	What test of truth will you use this week?
S215	What hope is offered to the exiles?	What does the new covenant promise?	Where do you need hope in a long season?	What patient practice will you adopt this week?
S216	What action does Jeremiah take by faith?	What does this show about hope during crisis?	Where can you act now toward a future good?	What small investment will you make this week?
S217	What covenants are compared in this passage?	What faithfulness is commended here?	Where do you need to keep your word?	What promise will you honor this week?
S218	What trials continue for Jeremiah?	What keeps him faithful under pressure?	Where do you feel tired of doing good?	What perseverance step will you take today?
S219	What scenes mark the fall of Jerusalem?	What do you learn about consequences and grief?	Where do you see the cost of ignoring warnings?	What wise change will you make now?
S220	What choices lead toward the flight to Egypt?	What do they reveal about fear and trust?	Where do fear‑based choices tempt you?	What trust choice will you make this week?
S221	What judgments are announced on the nations?	What does this teach about God’s justice?	Where do you long to see justice today?	What prayer for justice will you offer?
S222	What further judgments are declared here?	What reasons are given for them?	Where do you see those same roots of harm?	What step will you take toward repair?
S223	What fate awaits Babylon in this section?	What does this say about pride and empire?	Where do you trust in power or image?	What humble action will you choose today?
S224	What final notes close Jeremiah’s book?	How does the ending confirm earlier warnings?	What lesson will you not forget from this book?	What practice will help you remember it?
S225	What images of grief struck you most?	What do they teach about sin and sorrow?	Where do you need to lament honestly?	What prayer of lament will you bring to God?
S226	What turns toward hope appear in these poems?	What is remembered about God’s mercy?	Where do you need hope to rise again?	What daily reminder of mercy will you keep?
S227	What parts of the vision stayed with you?	What does God’s glory communicate here?	How does awe change how you live?	What practice will help you live with awe?
S228	What symbolic actions does Ezekiel perform?	What message do they send to the people?	Where do you need a wake‑up call today?	What change will you make before the day ends?
S229	What reasons are given for God’s departure?	What does this teach about idolatry and presence?	Where do you crowd out God in daily life?	What will you remove to make room for God?
S230	What enacted signs of exile appear here?	What do they reveal about stubborn hearts?	Where do warnings fail to move you?	What step of humble listening will you take?
S231	What metaphors describe Israel’s unfaithfulness?	What do they show about covenant love?	Where do you treat love as disposable?	What faithful act will you choose this week?
S232	What images of judgment and lament stand out?	What balance of justice and mercy is shown?	Where do you need both truth and tenderness?	What wise blend will you practice this week?
S233	What history of rebellion is recalled?	What does this reveal about God’s patience?	Where are you repeating old mistakes?	What new path will you take starting today?
S234	What hard images are used to confront sin?	What do they say about betrayal and consequence?	Where do you see relational betrayal today?	What faithful repair can you begin this week?
S235	Which nations are addressed in this section?	What lessons are here for pride and cruelty?	Where must you resist contempt for others?	What respectful action will you take today?
S236	What judgments fall on Egypt and its pride?	What does this reveal about false strength?	Where do you rely on fragile supports?	What stronger trust will you practice this week?
S237	What is Ezekiel’s watchman role here?	What responsibility does he carry for warning?	Where should you speak up with care and truth?	What careful word will you share this week?
S238	What shepherd images describe God’s care?	What promises of renewal are given?	Where do you need that shepherding now?	What step will you take to receive His care?
S239	What visions of restoration appear here?	What do they reveal about God’s Spirit and future?	Where do you hope for new life to emerge?	What act of hope will you practice this week?
S240	What details of the measured temple stood out?	What do order and holiness communicate here?	Where do boundaries help you meet with God?	What boundary will you honor this week?
S241	What moment marks the return of glory?	What does this mean for worship and life?	Where do you sense God rebuilding your heart?	What response will you bring in worship this week?
S242	What roles and rhythms fill this vision?	What do sacred times teach about community life?	Which rhythm could shape your week well?	What time will you guard for God this week?
S243	What life‑giving images stood out to you?	What do they show about God’s presence among His people?	Where do you long to see healing flow?	What step will you take toward that healing?
S244	What pressures test Daniel and his friends?	What choices keep them faithful in Babylon?	Where do you need resolve in a difficult setting?	What faithful practice will you keep this week?
S245	What rescues and humblings are recorded here?	What do they reveal about God’s sovereignty?	Where do you need courage to stand firm?	What bold yet respectful step will you take?
S246	What warnings appear at the royal feast?	What does Daniel’s witness show under threat?	Where could integrity cost you something?	What choice will you make to stay faithful?
S247	What visions or themes stand out to you?	What do they teach about God’s final rule?	Where do you need endurance and hope?	What practice will help you endure this week?
S248	What insights are given about future conflicts?	What does this say about unseen spiritual struggle?	Where do you feel outmatched or anxious?	What prayer will you keep in those moments?
S249	What signs of steadfast love appear here?	What does unfaithfulness cost in this story?	Where do you return again to lesser loves?	What turn back to God will you make today?
S250	What calls to return run through this section?	What does God promise to the repentant?	Where do you need to come home to God?	What practical step will you take today?
S251	What images describe the Day of the Lord?	What responses are invited from the people?	Where do you need wholehearted return to God?	What act of repentance will you practice now?
S252	What injustices are called out here?	What does God require instead of empty worship?	Where can you do right for someone overlooked?	What just action will you take this week?
S253	What visions does Amos receive and share?	What hope remains after judgment in this book?	Where do you need both truth and hope today?	What step will you take to seek both together?
S254	What is Edom judged for in this book?	What warning is there about pride and gloating?	Where are you tempted to celebrate others’ falls?	What humble compassion will you show instead?
S255	What surprises you in Jonah’s story?	What does God’s mercy to Nineveh reveal?	Who is hard for you to show mercy to?	What merciful step will you take this week?
S256	What charges and hopes appear in Micah?	What does God require of His people?	Where can you do justice and love mercy now?	What humble step will you take this week?
S257	What laments and promises stand side by side?	What hope does Micah hold for the future?	Where do you need that kind of hope today?	What prayer of hope will you pray this week?
S258	What picture of God’s justice do you see?	What comfort is offered to the oppressed?	Where do you long for God to set things right?	What faithful trust will you practice today?
S259	What questions does Habakkuk bring to God?	What answers or tensions remain in this book?	Where will you choose faith when answers delay?	What practice will help you rejoice in waiting?
S260	What warnings and songs appear in this book?	What hope is offered to the humble who seek God?	Where do you need humility and courage together?	What seeking step will you take this week?
S261	What priorities does Haggai confront?	What promise does God give to rebuilders?	Where have you delayed good work you should do?	What first step will you take to rebuild?
S262	What visions encourage the returnees to build?	What do they say about God’s cleansing and power?	Where do you need fresh encouragement to serve?	What act of service will you do this week?
S263	What questions about fasting are addressed?	What kind of community does God promise?	Where can you practice truth and peace now?	What peacemaking choice will you make today?
S264	What do these chapters say about the coming King?	What images of salvation and mourning appear?	Where do you welcome Jesus’ gentle rule?	What allegiance step will you take this week?
S265	What questions does God raise with His people?	What issues of worship and justice are corrected?	Where do you need a fresh heart in worship?	What change will you make before next week?
S266	What beginnings of the kingdom do you see?	What does Jesus announce and invite people into?	Where do you need to repent and follow Him?	What first step of obedience will you take?
S267	What teachings from the Sermon struck you most?	What picture of righteousness does Jesus give?	Where do you need to live this at school?	What practice will you start this week?
S268	What signs and responses mark Jesus’ ministry here?	What do you learn about faith and authority?	Where do you need to trust Jesus’ authority now?	What act of trust will you take this week?
S269	What questions and parables stand out to you?	What do they reveal about the kingdom’s growth?	Where do you see small beginnings with big potential?	What faithful seed will you plant this week?
S270	What conflicts and confessions appear in this section?	What do you learn about faith and opposition?	Where is it hard to follow Jesus right now?	What step will you take to follow anyway?
S271	What values or practices does Jesus teach here?	What do these teach about forgiveness and humility?	Where do you need these values in school life?	What step will you take to practice them?
S272	What scenes or encounters stood out to you?	What do they show about cost and priorities?	Where is Jesus asking you to trust Him?	What step of obedience will you take?
S273	What responses to Jesus appear in this passage?	What does this reveal about His authority?	Where will you welcome His authority this week?	What act of honor will you offer Him?
S274	What warnings and hopes stood out to you?	What do they teach about readiness and faithfulness?	Where do you feel unprepared or distracted?	What watchful habit will you begin?
S275	What moments moved you most in this reading?	What do they show about love and betrayal?	Where is it hard to stay loyal to Jesus?	What loyal step will you take today?
S276	What details about death and resurrection stood out?	What does this mean for hope and mission?	Where do you need resurrection hope now?	What witness will you share this week?
S277	What first actions mark Jesus’ ministry here?	What do they show about the gospel’s power?	Where do you need good news today?	What response will you make now?
S278	What kinds of needs does Jesus meet here?	What does this model about serving others?	Who near you needs quiet help?	What act of service will you do this week?
S279	What tensions arise as Jesus serves people?	What do you learn about power and humility?	Where can you serve when it costs?	What humble step will you take?
S280	What confessions or misunderstandings appear here?	What does Jesus teach about following Him?	Where do you resist the way of the cross?	What surrender will you offer this week?
S281	What teachings challenge ambition in this section?	What does true greatness look like here?	Where could you take a lower place?	What serving choice will you make?
S282	What questions or traps are raised for Jesus?	How does He answer with wisdom and truth?	Where do you need wise words under pressure?	What practice will help you answer well?
S283	What failures and faithfulness do you notice here?	What does this show about weakness and prayer?	Where are you vulnerable to fear or denial?	What guard of prayer will you keep?
S284	What scenes of injustice and victory stood out?	What does the cross and empty tomb mean?	Where do you need courage because He lives?	What step of bold faith will you take?
S285	What surprises fill these birth stories?	What do they show about timing and grace?	Where do you need to trust God’s timing?	What small act of faith will you take?
S286	What preparations or tests appear in this reading?	What do you learn about identity and mission?	Where is God preparing you quietly now?	What practice will ready your heart?
S287	What calls and healings stood out to you?	What do they show about following daily?	Where might Jesus be calling you to leave something?	What step will you take to follow?
S288	What links do you see between faith and healing?	What does Jesus notice in those who come?	Where will you reach out in faith this week?	What prayer will you bring to Jesus?
S289	What milestones close this phase of ministry?	What does Jesus expect of His disciples now?	Where can you put learning into practice?	What action will you take this week?
S290	What choices show Jesus’ resolve here?	What does discipleship cost look like now?	Where do you need focused resolve today?	What distraction will you lay down?
S291	What teachings challenge comfort or fear here?	What do they say about trust and priorities?	Where do priorities need rearranging?	What first change will you make?
S292	Which parable or healing stayed with you?	What truth about the kingdom did you notice?	Where do you see that truth at school?	What small act will live it out?
S293	What habits of faith does Jesus commend?	What obstacles does He warn about here?	Which habit do you need most now?	What step will you take to grow it?
S294	What do you notice about mercy and justice?	What does Jesus look for in hearts here?	Where do you need a fresh heart today?	What prayer will you make this week?
S295	What responses to Jesus appear in this chapter?	What does His authority challenge in people?	Where is Jesus challenging your comfort?	What obedient step will you take?
S296	What warnings and prayers were missed here?	What do you learn about weakness and grace?	Where do you need watchfulness in temptation?	What watch will you keep this week?
S297	What moves you most in this account?	What does the resurrection call you to?	Where will you live differently because He rose?	What witness will you share soon?
S298	What titles and images describe Jesus here?	What responses do first disciples make?	Where do you need to “come and see” again?	What step will you take toward Jesus?
S299	What signs and conversations stood out here?	What do they reveal about new life in Jesus?	Where do you need transformation today?	What request will you bring to Him?
S300	What patterns connect these signs together?	What do they say about hunger, fear, and faith?	Where are you hungry or afraid now?	What trust step will you take?
S301	What debates or claims about Jesus arise?	What does Jesus reveal about Himself here?	Where do you need to take a stand on Jesus?	What confession will you make this week?
S302	What changes in the healed person’s life?	What do leaders’ reactions reveal in this story?	Where do you fear others’ opinions now?	What faithful choice will you make anyway?
S303	What emotions surround this sign and story?	What does Jesus show about life and death?	Where do you need His comfort or power?	What prayer will you ask Him to answer?
S304	What act of service stands out to you?	What does Jesus teach about love and identity?	Where can you serve without being noticed?	What simple act will you do this week?
S305	What images of abiding and unity speak here?	What does fruitfulness look like in this passage?	Where do you need to remain in Jesus this week?	What practice will help you abide?
S306	What injustices and fulfillments appear here?	What does Jesus’ sacrifice mean for you?	Where do you need to rest in His finished work?	What response of gratitude will you offer?
S307	What proofs and encounters are recorded here?	What mission does Jesus give His followers?	Where can you be a witness this week?	What next step will you take today?
S308	What happens when the Spirit comes here?	What does this mean for fear and boldness?	Where do you need Spirit‑given courage now?	What prayer will you pray for power?
S309	What tensions rise as the church grows?	How do believers respond under pressure here?	Where do you need courage to obey God?	What bold step will you take this week?
S310	What ministries multiply in this section?	What do you learn from Stephen’s witness?	Where can you serve despite opposition?	What steady act will you continue?
S311	What changes in Saul’s life and direction?	What does this show about grace and calling?	Where could God be turning you around?	What step will you take in that new direction?
S312	What barriers are crossed in this story?	What does God show about inclusion here?	Who is outside your usual circle now?	What welcome step will you take?
S313	What patterns of preaching and response appear?	What keeps the team focused amid pushback?	Where do you need endurance in serving?	What practice will help you keep going?
S314	What problem does the church resolve here?	What does the decision say about grace?	Where do you add burdens God does not?	What freeing step will you take?
S315	What new doors and detours show up here?	What does guidance look like on the move?	Where do you need guidance right now?	What step will you take with the light you have?
S316	What growth and conflicts mark this journey?	What do you notice about teaching and change?	Where do you need deeper teaching or repentance?	What step will you take to grow?
S317	What events lead to Paul’s arrest here?	What does courage look like in his defense?	Where could you speak truth under pressure?	What words will you prepare in prayer?
S318	What hearings and appeals occur here?	What does Paul model in witness and reason?	Where do you need gentle, clear words now?	What respectful response will you give?
S319	What crises and rescues happen on the way?	What does leadership look like in the storm?	Where is your group weathering a storm?	What stabilizing step will you take?
S320	What problem with sin is described here?	What does this mean for every person?	Where do you see this in your world now?	What honest step toward God will you take?
S321	What good news is announced in these verses?	What does faith do that law cannot?	Where do you try to earn what God gives?	What trust step will you take today?
S322	What changes when we live by the Spirit?	What hope is given for our struggle here?	Where do you need the Spirit’s help now?	What prayer will you pray each day this week?
S323	What story of mercy unfolds in these chapters?	What does this say about God’s plan and people?	Where do you need humility in God’s story?	What worship response will you bring?
S324	What marks a transformed life in this text?	What does love look like in practice here?	Where can you offer this kind of love at school?	What act of love will you choose?
S325	What relationships and teamwork do you notice here?	What do these greetings reveal about the church?	Who helps you follow Jesus faithfully now?	How will you thank or support them this week?
S326	What problems are addressed in this church?	What does true unity rest on here?	Where do you need to lay aside pride today?	What step will build unity this week?
S327	What guidance is offered for purity here?	What principles stand out for honor and care?	Where do you need wisdom in relationships now?	What boundary will you keep this week?
S328	What does Paul teach about freedom and love?	How should freedom be used with others?	Where do you need self‑control for someone’s good?	What choice will you make out of love?
S329	What do you learn about love and worship here?	What order and purpose guide the church?	Where can you build up others when you meet?	What encouraging word will you speak?
S330	What hope does the resurrection secure here?	How does that shape work and giving?	Where do you need resurrection perspective now?	What generous act will you plan?
S331	What hardships and comforts are named here?	What does ministry look like through weakness?	Where do you need comfort to keep serving?	What step will you take in dependence on God?
S332	What treasures in jars of clay do you see?	What does grace change in relationships?	Where do you need to forgive or reconcile?	What move toward grace will you make?
S333	What examples of giving stand out here?	What principles guide cheerful giving?	Where can you share to meet a need now?	What gift will you prepare this week?
S334	What marks distinguish true from false servants?	What warnings does Paul give the church?	Where do appearances mislead you today?	What test will you use before trusting a voice?
S335	What story does Paul tell of his calling?	What does this show about grace versus earning?	Where do you rest in approval more than grace?	What truth will you hold to this week?
S336	What is the core of the gospel here?	What fruit should follow faith in Christ?	Where do you want to see this fruit grow?	What step will you take to walk by the Spirit?
S337	What blessings in Christ are listed here?	What does adoption into God’s family mean?	Where do you forget your true identity now?	What reminder will you carry this week?
S338	What practices mark a healthy church family?	What old ways must be put off here?	Where do you need renewal in speech or habits?	What new way will you put on this week?
S339	What themes of joy and unity appear here?	What practices fight anxiety and division?	Where can you choose joy in your routine?	What habit will help you rejoice daily?
S340	What does Paul say about Jesus’ supremacy?	What changes when Christ is our center?	Where are you pulled off center now?	What Christ‑centered step will you take?
S341	What hopes and commands shape waiting here?	What does holy living look like in this text?	Where do you need hope for perseverance?	What step will help you stay awake spiritually?
S342	What confusions about the return are corrected?	What steadiness does Paul call for here?	Where do rumors unsettle your faith now?	What grounding truth will you repeat?
S343	What instructions does Paul give Timothy here?	What example should leaders set now?	Where can you be faithful with small things?	What step will you take to serve steadily?
S344	What charges and comforts stand out here?	What does finishing the race involve?	Where do you need endurance in hardship today?	What step will help you finish well?
S345	What truths about salvation are emphasized here?	What does grace train us to do now?	Where do you need grace to change habits?	What good work will you devote to this week?
S346	What requests does Paul make to Philemon?	What does gospel reconciliation look like here?	Where do you need to repair a relationship now?	What first step will you take?
S347	What comparisons elevate Jesus in this section?	What warnings urge us to listen to Him?	Where have you drifted from His voice now?	What response of faith will you make today?
S348	What kind of priest is Jesus shown to be?	What hope comes from His intercession here?	Where do you need His help right now?	What prayer will you bring with confidence?
S349	What makes the new covenant better here?	What does Christ’s sacrifice accomplish?	Where do you still carry guilt or shame?	What truth will you rest in this week?
S350	What examples of faith inspire you here?	What does running the race require now?	What weight or sin slows you down?	What will you lay aside this week?
S351	What contrasts mark the old and new way?	What practices of love and holiness are urged?	Where do you need to pursue peace and purity?	What step will you take today?
S352	What links between faith and works appear here?	What do you learn about speech and wisdom?	Where do you need to put faith into action?	What work of love will you do this week?
S353	What encouragements for suffering do you see here?	What picture of hope anchors believers?	Where do you need courage to do right now?	What gentle answer will you give this week?
S354	What warnings about false teaching are given?	What hope points to the Lord’s patience?	Where do you need diligence and hope together?	What step will help you grow in grace?
S355	What tests of truth and love are given here?	What does walking in the light look like?	Where do you need assurance or repentance now?	What step will you take toward the light?
S356	What danger does John warn about here?	What does faithful love look like now?	Where do you need to guard your home or heart?	What boundary will you set this week?
S357	What problem does John address in this letter?	What does hospitality look like in truth?	Who could you welcome or support this week?	What act of hospitality will you do?
S358	What threats to the faith are highlighted here?	What must believers build themselves up in?	Where do you need mercy and vigilance now?	What step will help you contend well?
S359	What strengths and weaknesses are named here?	What calls to repent or endure stand out?	Which message speaks most to you now?	What response will you make this week?
S360	What visions and cries do you notice here?	What hope do the sealed receive?	Where do you need endurance in trial now?	What prayer will keep you steady?
S361	What warnings and judgments unfold here?	What response is God seeking from people?	Where do you need to turn from compromise?	What step of repentance will you take?
S362	What symbols of conflict and hope appear here?	What do they teach about faithful endurance?	Where do you feel worn out in the fight?	What practice will renew your strength?
S363	What scenes of judgment fill this reading?	What do they reveal about God’s justice here?	Where do you long for final justice now?	What trust will you hold in the meantime?
S364	What contrasts appear between Babylon and the Lamb?	What warnings and calls to come out are given?	Where are you drawn to Babylon‑like habits?	What break will you make this week?
S365	What images of the new creation move you?	What promises anchor hope for the future?	Where do you need this hope today?	What step will help you live as a citizen of that city?