SegmentID	Audience	Q1	Q2	Q3	Q4
S001	School	Which day of creation would you want to witness?	What does this show about God's power and our worth?	Where do you see God’s creation around you at school or in life?	What is one way you can honor God’s creation this week?
S002	School	What surprised you most in the garden story?	What does this reveal about our impulse to hide and God's heart?	Where do you notice similar dynamics of temptation or blame in your life?	What boundary or honest step will you take this week?
S003	School	If you were filming Noah's story, which scene would you focus on?	What does this teach about God's justice and mercy and how we should live?	When is it hardest for you to follow God at school?	What step of integrity will you practice this week?
S004	School	What caught your attention about the tower builders?	What does this expose about pride, identity, and God's place?	Where do you see name‑making or exclusion in your context?	What bridge‑building step could you take this week?
S005	School	Which part of Abram's journey stood out to you?	What does this say about trusting God's call and our purpose?	Where might God be inviting you to trust Him at school?	What first step of faith will you take this week?
S006	School	What struck you about God's promises here?	What does this show about God's faithfulness and our identity?	How does promise‑keeping shape friendships at school?	What commitment will you honor carefully this week?
S007	School	Which character's actions surprised you most?	What does this say about God's holiness and our responsibility?	Where do you see brokenness that calls for courage and compassion?	What careful, kind action will you take this week?
S008	School	What emotions did you notice in Abraham's test?	What does this teach about trust and surrender?	Where is trust hardest for you right now at school?	What step of trust will you take this week?
S009	School	What family dynamics grabbed your attention?	What does this show about God working over time and our place in His story?	How does long‑term faithfulness encourage you in slow seasons?	What patient practice will you keep this week?
S010	School	How did Jacob's deception play out?	What does this reveal about integrity and who we are becoming?	Where are you tempted to cut corners in student life?	What honest choice will you make this week?
S011	School	Which brother's story interested you most?	What does this say about comparison, worth, and God's purposes?	Where do you notice comparison and rivalry in friend groups or teams?	What peacemaking step could you try this week?
S012	School	What did you notice about Jacob's wrestling match?	What does this teach about identity and depending on God?	Where are you wrestling with God or yourself right now?	What honest prayer or conversation will you start this week?
S013	School	What stood out in all these family moves?	What does this show about God's care in messy change and how we walk?	How does this speak to you in a time of change at school?	What steady step will you take in change this week?
S014	School	Which of Joseph's hardships hit you hardest?	What does this show about purpose in hard seasons?	Where do setbacks test your character at school?	What resilient habit will you practice this week?
S015	School	How did Joseph handle his new power?	What does this teach about humility, power, and God's wisdom?	How can you stay grounded when noticed or praised?	What grounding practice will you keep this week?
S016	School	What emotions surfaced when the brothers met?	What does this reveal about truth, mercy, and rebuilding trust?	Where could you show mercy in a tense relationship?	What step toward reconciliation will you take this week?
S017	School	Describe the reunion scene that stuck with you.	What does this show about forgiveness and restored identity?	Where might God be inviting you to rebuild trust?	What first step toward peace will you take this week?
S018	School	Which blessing or farewell moved you?	What does this say about legacy and finishing with faith?	How does thinking about legacy affect your choices now?	What priority will you realign this week?
S019	School	What grabbed you about Moses at the burning bush?	What does this show about God's concern and our calling?	Where might God be nudging you to speak or serve at school?	What step of courage will you take this week?
S020	School	How did Pharaoh's reactions strike you?	What does this teach about obedience under pressure and who leads?	Where do you feel pressure to stay silent or give up?	What faithful action will you take despite pressure?
S021	School	Which plague would have convinced you?	What does this reveal about stubborn hearts and God's patience?	Where do stubborn patterns show up in your own life?	What change will you practice to soften your heart this week?
S022	School	What symbols in the Passover stood out?	What does this show about rescue, belonging, and identity?	How might remembering God’s care shape your week?	What simple reminder will you keep before you this week?
S023	School	Picture yourself at the Red Sea - what do you see?	What does this teach about fear, trust, and who saves?	Where do you feel stuck and in need of God’s help?	What step will you take while trusting God to make a way?
S024	School	When did the people's attitudes shift in the desert?	What does this reveal about daily dependence on God?	How could gratitude shift your school week?	What daily practice of thanks will you try?
S025	School	Which commandment speaks loudest to you?	What does this teach about love, freedom, and how to live?	How would school life look if these shaped the culture?	Which one command will you focus on this week?
S026	School	What surprised you in these community rules?	What does this say about justice, neighbor-love, and our responsibility?	Where could fairness or care grow in your context?	What fair action will you practice this week?
S027	School	Imagine walking into the tabernacle - what catches your eye?	What does this reveal about God wanting to be with us and our worship?	How could your gifts help create space for God at school?	What contribution will you make this week?
S028	School	What struck you about the priests' responsibilities?	What does this teach about holiness and representing God?	Where do you need healthy boundaries to serve well?	What boundary will you set or renew this week?
S029	School	Which worship practice stood out to you?	What does this say about rest, devotion, and ordered life?	Where do you need rest or focus to meet with God?	What simple rhythm will you keep this week?
S030	School	How quickly did everything fall apart?	What does this expose about idols, leadership, and God's mercy?	What ‘idols’ compete for your loyalty at school?	What will you put down and what will you take up this week?
S031	School	What impressed you about the people's giving?	What does this show about generosity, skill, and purpose?	Where could you offer time or talent this week?	What specific task will you volunteer to do?
S032	School	Describe the moment God's glory filled the tabernacle.	What does this teach about God's presence and our response?	How can you honor God’s presence in ordinary places?	What practice will help you notice God this week?
S033	School	Which offering made the most sense to you?	What does this teach about sin, gratitude, and approaching God?	How might confession and thanks shape your week?	What honest prayer will you bring to God today?
S034	School	What patterns did you notice in these rituals?	What does this show about everyday worship and God's holiness?	Where could you turn routine into worship this week?	What daily moment will you dedicate to God?
S035	School	What stood out in the ordination ceremony?	What does this reveal about calling and readiness?	How might you prepare your heart before serving others?	What preparation step will you take this week?
S036	School	Which distinction surprised you most?	What does this say about holiness, health, and wisdom?	How could wise care of body and soul help your week?	What healthy habit will you practice faithfully?
S037	School	What careful details did you notice?	What does this teach about small choices shaping character?	Where do small choices shape your character at school?	What small faithful choice will you repeat this week?
S038	School	Picture the Day of Atonement - what strikes you?	What does this reveal about forgiveness and access to God?	How does forgiveness change how you live at school?	What step will you take to seek or extend forgiveness?
S039	School	How does "be holy" land with you?	What does this say about God's character and distinct living?	Where are you called to be different for the right reasons?	What one difference will you practice this week?
S040	School	What expectations for leaders caught your attention?	What does this teach about example, influence, and integrity?	Where do you have influence among peers?	What example will you set this week?
S041	School	Which festival would you want to experience?	What does this teach about remembering God together and our identity?	What rhythm helps you remember God in busy weeks?	What reminder will you add into your week?
S042	School	What grabbed you about the year of jubilee?	What does this reveal about trust, renewal, and justice?	Where do you need rest or to let go of burdens?	What reset step will you take this week?
S043	School	Which blessing or curse felt most real?	What does this say about choices and the path of life with God?	Where are your choices leading you this week?	What wise choice will you make today?
S044	School	Why do you think God wanted them counted?	What does this show about order, belonging, and mission?	Where do you need structure to serve better at school?	What organizing step will you take this week?
S045	School	What unique about the Levites' calling?	What does this teach about being set apart to serve?	Where might you be set apart to help others at school?	What service will you offer this week?
S046	School	How did dedication look different here?	What does this reveal about living under God's blessing?	How could a dedicated habit shape your school life?	What habit will you dedicate to God this week?
S047	School	What emotions filled the celebration?	What does this say about starting well with God?	Where do you need to prepare before you move forward?	What first step will you take to prepare well?
S048	School	When did complaining take over?	What does this reveal about trust versus complaint?	Where do you slip into complaint during busy weeks?	What gratitude practice will you choose instead?
S049	School	Which spy would you have sided with?	What does this teach about fear versus faith?	Where is fear shrinking your vision at school?	What faith step will you take despite fear this week?
S050	School	What sparked the rebellion?	What does this reveal about pride, authority, and humility?	Where do you resist guidance that could help you grow?	What humble step will you take this week?
S051	School	Where did you see God provide?	What does this say about God's care and our courage?	Where have you seen small wins in a tough season?	What gratitude or testimony will you share this week?
S052	School	What confused you about Balaam?	What does this reveal about motives, truth, and integrity?	Where are mixed motives pulling you off course?	What clear, honest step will you take this week?
S053	School	How had the people changed since the first count?	What does this show about readiness and purpose across time?	How can you help the next person take their place well?	What mentoring or support step will you take?
S054	School	Which vow stood out to you?	What does this teach about words, integrity, and follow-through?	Where do you need to match words with actions?	What commitment will you keep carefully this week?
S055	School	What journey detail caught your attention?	What does this say about perseverance and guidance?	Where do you need steady perseverance at school?	What small step will you repeat each day this week?
S056	School	Why all these boundary markers?	What does this reveal about wisdom, safety, and trust?	Where do you need clear boundaries to thrive?	What boundary will you set or renew today?
S057	School	What memories did Moses emphasize?	What does this teach about identity shaped by remembering?	What memory of God’s help strengthens you now?	How will you remember and share it this week?
S058	School	How many times did Moses say "listen"?	What does this show about hearing that leads to doing?	Where do you need to match listening with action?	What small act of obedience will you do today?
S059	School	What's at the heart of this covenant?	What does this say about love, loyalty, and worship?	How can covenant love shape your school relationships?	What act of loyal love will you practice this week?
S060	School	Where is all this obedience heading?	What does this reveal about witness and why we exist?	Where could your choices point others toward God?	What witness will you live out this week?
S081	School	Did Jephthah's vow shock you?	Why are rash promises so dangerous?	Where do your words run ahead of wisdom?	What careful speaking habit will you practice?
S082	School	If Samson was so strong, why did he fall?	How can your greatest strength become your weakness?	Where are you strong yet vulnerable at school?	What safeguard will you put in place this week?
S083	School	Why was everyone doing whatever they wanted?	What happens when there's no true guide?	Where do you see "everyone does their own thing" at school?	What guiding truth will you follow this week?
S084	School	How did things get this dark?	Where was God in all this chaos?	Where can you be a voice for what's right?	What protective step will you take for someone vulnerable?
S085	School	Which character would you want as a friend?	How does loyalty change everything?	Where could loyal kindness change a situation at school?	What loyal action will you take this week?
S086	School	How young was Samuel when God called?	Can God really speak to teenagers?	Where do you sense God nudging you to listen?	What listening practice will you try this week?
S087	School	Were the people wrong to want a king?	Is fitting in always bad?	Where do you feel pressure to fit in rather than trust God?	What counter-cultural choice will you make this week?
S088	School	How did Saul go from hiding to king?	When does humility turn to pride?	Where could humility shape your leadership among peers?	What humble practice will you choose this week?
S089	School	Why couldn't Saul just wait?	How does impatience ruin things?	Where do time pressure and image drive your decisions?	What wise pause will you build into your week?
S090	School	If God looks at hearts, what does He see in yours?	Why did God choose the smallest brother?	Where do outward appearances mislead at school?	What heart habit will you cultivate this week?
S091	School	Could you face your Goliath with just a sling?	Where does that kind of courage come from?	Where do you face an oversized challenge at school?	What step of faith will you take toward that challenge?
S092	School	Who was the better friend - David or Jonathan?	How do you stay loyal when it costs you?	Where could you practice loyal friendship under pressure?	What boundary or habit will guard your heart this week?
S093	School	When did David almost lose it?	How do you keep your cool under stress?	Where do you need wisdom when stressed?	What wise step will you take before reacting?
S094	School	Could you spare someone who's hunting you?	Is revenge ever worth it?	Where could restraint break a harmful cycle?	What gracious response will you choose if provoked?
S095	School	Which looks more desperate - Saul or David?	Where do shortcuts lead us?	Where are you tempted to take shortcuts?	What practice will help you seek God first?
S096	School	How do you honor someone who hurt you?	Is grief a sign of weakness or strength?	Where do you need space to grieve or honor someone?	What simple step of lament will you take?
S097	School	How long did David wait to be king?	Is waiting always part of God's plan?	Where is waiting shaping your character now?	What faithful habit will you keep while you wait?
S098	School	If God promised David a forever kingdom, where is it?	How do God's promises outlast our mistakes?	How does promise shape your hope during pressure?	What hope practice will you carry this week?
S099	School	Did success change David?	How do you handle winning well?	How will you handle success without losing humility?	What gratitude step will you take after a win?
S100	School	When did David's life spiral?	Can one bad choice really ruin everything?	Where could small compromises grow into bigger harm?	What guardrail will you set in place this week?
S101	School	When did Absalom's plan start forming?	How does flattery manipulate people?	Where do you see subtle power plays around you?	What peacemaking step could you take this week?
S102	School	Whose advice won the day?	Why do people listen to bad counsel?	Whose voices most influence your choices right now?	What wise counsel will you seek before deciding?
S103	School	How did David handle coming back?	Is restoration possible after betrayal?	Where do you sense need for restoration in a group?	What step toward repair will you take this week?
S104	School	Which of David's final acts surprised you?	How do you want your story to end?	Where do end-of-season choices matter most?	What finish-well practice will you adopt this week?
S105	School	Why all the drama over who becomes king?	How should leadership transitions work?	Where are you entering a new responsibility?	What first step will you take to seek wisdom?
S106	School	If you got one wish, what would you ask for?	Why did Solomon's request please God?	Where do you most need discernment this month?	What daily habit will you use to grow in wisdom?
S107	School	Could you build something this magnificent?	When does excellence become worship?	Where could excellence honor God in your studies?	What quality step will you take on a task?
S108	School	What would you pray at a dedication?	How does God's presence change a place?	How could you dedicate a space or routine to God?	What short prayer of dedication will you pray?
S109	School	When did Solomon start slipping?	How does comfort lead to compromise?	Where might comfort be pulling you off course?	What course correction will you make today?
S110	School	Could one conversation prevent a civil war?	Why don't people listen to each other?	Where does stubbornness divide teams or friends?	What listening step will you take before speaking?
S111	School	Can you see the pattern across these kings?	Which mistakes keep repeating?	Which patterns do you want to avoid?	What practice will you adopt to shape a better legacy?
S112	School	Would you stand alone like Elijah?	What's the cost of total loyalty to God?	Where do you face competing loyalties?	What step will you take to choose faithfulness?
S113	School	Ever felt as done as Elijah under the tree?	Where was God when Elijah gave up?	Where do you feel depleted or discouraged?	What rest or obedience step will you take?
S114	School	How did Ahab get away with murder?	Who speaks truth to power today?	Where do you see misuse of power?	What courageous truth-telling step will you take?
S115	School	Which alliance surprised you?	Who influences your decisions most?	Where do your alliances shape your walk with God?	What boundary will you set for healthier influence?
S116	School	Which miracle would you want to witness?	How does God care for individuals?	Who near you needs quiet help or encouragement?	What simple act of care will you offer?
S117	School	Did God care about other nations too?	How far does God's love reach?	Who is outside your usual circle at school?	What step will you take toward them?
S118	School	Was Jehu too violent or just right?	When does zeal become dangerous?	Where do you need zeal guided by wisdom?	What focused step will you take this week?
S119	School	How close did the royal line come to ending?	Who protected what mattered most?	What good thing has God entrusted to you?	What safeguard will you put in place?
S120	School	Why couldn't these kings go all the way?	Is partial obedience really disobedience?	Where do you tend to stop short of what's good?	What completion step will you take this week?
S121	School	When did you know Israel was doomed?	How do nations fall from the inside?	Where do lesser loves pull your heart away from God?	What re-centering step will you take today?
S122	School	Which miracle gave you hope?	Can one good leader change everything?	Where are you facing pressure that tests your trust?	What prayerful step will you take before acting?
S123	School	How can one king be so evil and his son so good?	Is change always possible?	Where do you need a clean start with God?	What first step toward change will you take?
S124	School	Could Judah have avoided exile?	When is it too late to turn back?	Where are you ignoring wise counsel right now?	What listening change will you make this week?
S125	School	Does your family tree matter to God?	How does faith pass through generations?	Who has passed faith or wisdom to you?	What thanks will you express to them?
S126	School	Which tribe would you want to be in?	Where do you fit in God's story?	Where do you fit in your community's shared work?	What part will you play faithfully this week?
S127	School	Why repeat information we already know?	How does remembering shape who we are?	How does belonging shape your choices?	Who will you encourage for their faithfulness?
S128	School	How do you grieve and hope at the same time?	Is it okay to feel multiple emotions?	Where are you between an ending and beginning?	What anchor practice will keep you steady?
S129	School	Would you dance like David did?	When is worship worth looking foolish?	How can reverence and joy meet in your routines?	What worship habit will you practice this week?
S130	School	Did David earn these victories?	Who really wins our battles?	Where can gratitude replace self-credit in your life?	What praise step will you take after work well done?
S131	School	Why count people if God didn't want it?	Can good intentions still be wrong?	Where do you need to admit wrong and adjust?	What correction step will you take this week?
S132	School	Does organization matter to God?	Why all these detailed roles?	Where could better structure help your group?	What one system will you set up or simplify?
S133	School	Could you handle that much responsibility?	How do you know what you're responsible for?	Where should you delegate or ask for help?	What team step will you take this week?
S134	School	Where did all these resources come from?	What makes people give generously?	Where do you need partners to build something good?	What clear ask will you make this week?
S135	School	If you were there, what would you feel?	When have you felt God's presence strongly?	How can you dedicate your work or gifts to God?	What simple dedication prayer will you offer?
S136	School	Which achievement impressed you most?	When do achievements become idols?	How will you keep worship above achievement?	What practice will keep your heart centered?
S137	School	Whose advice would you have taken?	Why do we dismiss good advice?	Where have you dismissed good advice too quickly?	What listening habit will you practice?
S138	School	Which king would you follow?	Can God use imperfect leaders?	Where could you rely on God rather than panic?	What prayer-first step will you take?
S139	School	Why make alliances with enemies?	Should God's people partner with anyone?	Where do you need to pray before you plan?	What first prayer will start your planning?
S140	School	How close did evil come to winning?	Who kept hope alive in dark times?	What good has God trusted you to guard?	What protective step will you take?
S141	School	Which king's downfall hurt most?	How does pride sneak into our strengths?	Where could pride creep into your strengths at school?	What humble safeguard will you put in place?
S142	School	Could one person really cleanse a whole nation?	What does spiritual renewal look like?	Where do you need to renew a good habit with God?	What renewal step will you take this week?
S143	School	How can someone so evil repent?	Is anyone beyond God's reach?	Where do you need hope that change is possible?	What first step toward change will you take?
S144	School	If finding Scripture changed everything, why don't we read it more?	What would happen if we really listened to God's word?	Where could Scripture re-center your week at school?	What time will you set to read and respond each day?
S145	School	Would you want to return to ruins?	Why go back when you could stay comfortable?	Where do you need to rebuild something that matters?	What first brick will you lay this week?
S146	School	Why did their neighbors try to stop them?	What threatens people about others' success?	Where do you face discouragement while doing good?	What steady step will you take despite pushback?
S147	School	How did Ezra become such an expert?	What's the difference between knowing and doing?	How can you set your heart to learn and live God's word?	What small plan will you start this week?
S148	School	Why confess publicly instead of privately?	When does private sin need public confession?	Where do compromises need honest attention in your life?	What clear step will you take to turn back to God?
S149	School	Could one person's burden change a city?	What breaks your heart that others ignore?	Where do you sense a burden you need to own?	What first move will you make with prayer and wisdom?
S150	School	How did they build with swords in hand?	Can you work while under attack?	Where do distractions pull you off good work at school?	What focus step will you take to keep building?
S151	School	Why read Scripture until noon?	How do confession and celebration go together?	What rhythm helps restore your heart after stress?	What rhythm will you build into this week?
S152	School	Why make promises you might break?	What's the point of public commitment?	Where do you need support to keep good commitments?	What accountability step will you set up?
S153	School	How did Esther end up as queen?	Can God use beauty pageants?	Where might your position help others?	What step will you take to serve where you are?
S154	School	Would you risk everything for your people?	When is silence not an option?	Where might you need to speak up for someone?	What respectful step will you take to use your voice?
S155	School	If you were Job, would you still trust God?	Where is God when everything falls apart?	Where do you need room to bring pain to God?	What simple prayer will you say in your own words?
S156	School	Are Job's friends helping or hurting?	What makes someone a good friend in crisis?	How can you be a better friend to someone hurting?	What gentle action will you take to support them?
S157	School	Why does Job keep arguing?	Is it okay to question God?	Where are you holding on without full understanding?	What small trust step will you take today?
S158	School	Does God owe Job an explanation?	How do you trust when life seems unfair?	Where do you long for fairness or clarity now?	What honest request will you bring to God?
S159	School	Has Job said too much or not enough?	When should we stop defending ourselves?	Where do you need to examine motives and actions?	What next step will you take after reflection?
S160	School	Does Elihu help or just talk more?	Who has the right to correct you?	Where could you welcome fresh correction or insight?	What listening step will you practice this week?
S161	School	Which of God's questions hit hardest?	Why doesn't God answer Job's questions directly?	Where can you trust God without complete answers?	What act of trust will you choose this week?
S162	School	Which psalm line would you tweet?	How do these ancient songs speak today?	How do these portraits intersect with your choices right now?	What daily prayer or verse will you carry this week?
S163	School	If you wrote a psalm, what would it say?	Why do biblical writers complain to God?	Where do you need help or strength this week?	What one-sentence prayer will you pray daily?
S164	School	Which name for God fits your life now?	How many ways can we describe God?	How will you practice trust in one concrete situation?	What verse will you screenshot or write down?
S165	School	Do you relate more to the praise or lament?	Can faith and fear exist together?	What fear needs naming before God?	What step of praise or seeking help will you take?
S166	School	Have you ever felt spiritually dry?	Where is God when we can't feel Him?	Where do you feel spiritually dry or discouraged?	What simple seek-God practice will you add?
S167	School	Would you rather get even or trust God?	Why is revenge so tempting?	Where are you tempted to retaliate or despair?	What trusting response will you choose instead?
S168	School	If God is King, what changes?	How should God's rule affect daily life?	How will you pray for leaders and communities?	What short prayer will you offer for them?
S169	School	Why do good people sometimes struggle more?	Does following God guarantee easy life?	Where does comparison steal your joy?	What gratitude step will you practice this week?
S170	School	Which Bible story would you tell a kid?	Why keep telling old stories?	What story of God's help could you share with someone younger?	Who will you tell and when this week?
S171	School	Why do we sing to God?	What's the connection between music and faith?	Where do you long to sense God's presence in ordinary life?	What small draw-near practice will you add?
S172	School	How loud should worship be?	Is quiet or loud worship better?	How could public gratitude point others to God?	What brief line of praise will you speak daily?
S173	School	Can you keep a promise to God?	Why make commitments we might break?	What commitment do you need to renew with God?	What step will you take to keep it?
S174	School	Who has rescued you lately?	Do we notice when God helps us?	Where have you seen God rescue you recently?	Who will you thank or encourage because of it?
S175	School	Are you better at asking or thanking?	Why is humility so hard when things go well?	Where do you need humility in visibility or success?	What simple act of thanks will you offer?
S176	School	How would you survive without Google? How did they survive without the Bible app?	Why does this psalm go on forever about God's word?	How could you weave Scripture into your day?	What one practice will you start?
S177	School	Are we there yet? What journey feels longest to you?	Why sing while traveling?	What journey are you on that needs God's help?	What short prayer will you pray along the way?
S178	School	Is it wrong to be angry at God?	How honest can we be in prayer?	Where do you need to bring strong feelings into prayer?	What honest prayer step will you take?
S179	School	If everything praises God, why don't we?	What would change if we praised more?	How could praise reshape ordinary routines?	What one way will you practice praise?
S180	School	Who's the wisest person you know?	Where does real wisdom come from?	Where do you most need wisdom for a choice?	What step will you take to seek counsel?
S181	School	Which proverb sounds like your parents?	Why do wise sayings stick in our heads?	Where could this wisdom correct a current habit?	What one practice will you adopt this week?
S182	School	If you could fix one thing about your words, what would it be?	Why do words have so much power?	Where do your words need more care?	What speaking habit will you practice?
S183	School	Which proverb describes your life right now?	How do small choices create big outcomes?	Where do your habits shape your path?	What small habit will you start today?
S184	School	Who gives you the best advice?	Why is it hard to accept correction?	Where do you need honest feedback?	Who will you invite to speak truth to you?
S185	School	Are you more like the ant or the sluggard?	What's the difference between rest and laziness?	Where do you need steady effort this week?	What daily step will you repeat?
S186	School	Which temptation trips you up most?	How do boundaries actually give freedom?	Where do you face that temptation now?	What boundary will you set this week?
S187	School	Does anything really matter if we all die?	What's the point of working so hard?	Where do you chase what doesn't satisfy?	What practice will help you enjoy God's gifts?
S188	School	Can you enjoy life and honor God?	Is it okay to have fun?	How could reverence shape your plans?	What simple joy will you receive with thanks?
S189	School	Is this too much for youth group?	What does God think about romance?	How can you honor others in words and actions?	What boundary or practice will protect love?
S190	School	Which bothers God more - bad worship or bad behavior?	Can you worship and be mean?	Where must justice and worship meet in you?	What act of justice will you do this week?
S191	School	Would you volunteer like Isaiah?	What makes someone ready to serve God?	How does God's call meet your weakness?	What "here am I" step will you take?
S192	School	What kind of king would you want?	Why do we need a perfect ruler?	Where do you long for that kind of peace?	How will you live under that hope today?
S193	School	Why does God care about other nations?	Is God only interested in His people?	Where do you see pride or cruelty today?	What prayer or action for justice will you take?
S194	School	Do people still trust in things that can't save?	What are modern idols?	Where are you tempted by false security?	What will you trust God with this week?
S195	School	Can you have hope while everything falls apart?	Where is God in the chaos?	Where do you need hope in hard news?	What faithful step will you take today?
S196	School	Why do strong people think they don't need God?	When does confidence become arrogance?	Where do you rely on your own strength?	How will you depend on God this week?
S197	School	If you could see the future, would you want to?	Why does God show us glimpses of what's coming?	Where do you need courage now?	What step expresses trust in that promise?
S198	School	How can the same person be so good then so bad?	What does success do to our hearts?	Where could success lead you to drift?	What guard will keep you humble?
S199	School	Who's stronger - your fears or your God?	What's your biggest fear right now?	Where do you feel weak or afraid now?	What truth from here will you hold to?
S200	School	What kind of servant-leader would you follow?	How is God's servant different from world leaders?	Where do you need gentle justice and healing?	What response of trust will you offer?
S201	School	How can God use pagan kings for His purposes?	Who's really in control of history?	Where do you struggle to see God at work?	What patient trust will you practice this week?
S202	School	Which role of the servant appeals to you most?	How can weakness be strength?	Where do you feel called to serve others?	What small servant step will you take today?
S203	School	Could you handle being misunderstood for doing right?	Why did the servant have to suffer?	How does this shape your view of Jesus?	How will you respond to this grace?
S204	School	What's the difference between real and fake fasting?	Can you worship God and ignore people?	Where could you practice true fasting now?	What act of mercy will you choose?
S205	School	Does God's patience ever run out?	How many chances do we get?	Where do you need hope for the future?	What step aligns with God's future today?
S206	School	Would you want Jeremiah's job?	Why choose a hard calling?	Where do you fear speaking truth?	What brave, kind step will you take?
S207	School	Which sin sounds most like today?	Do nations still make God angry?	Where are similar roots in your world?	What turn-back step will you take today?
S208	School	Can you go to church and still miss God?	What's worse - no worship or fake worship?	Where do you perform without heart?	What honest change will you seek?
S209	School	Why is it so hard to keep promises to God?	What happens when we break covenant?	Where do you resist God's ways?	What practice will help you return?
S210	School	If God doesn't want to punish, why does He?	How serious is sin really?	Where do you downplay harmful choices?	What wise limit will you set?
S211	School	Is it ever too late to come back to God?	What does real return look like?	Where do you see God opening a door?	What step will you take through it?
S212	School	Would you keep going if everyone hated you?	Where do prophets find strength?	Where do you need courage to keep going?	What support will you seek?
S213	School	What makes a leader good or bad?	Who's responsible for bad leadership?	Where do you lead in small ways?	What leader habit will you practice?
S214	School	How can you tell real truth from fake?	Why do people prefer comfortable lies?	Where do you need discernment?	What test of truth will you use?
S215	School	Could you hope in exile?	What keeps hope alive in dark times?	Where do you need hope in a long season?	What patient practice will you adopt?
S216	School	Why buy land in a doomed city?	What does hope look like in action?	Where can you act toward future good?	What small investment will you make?
S217	School	Which covenant would you rather live under?	Why do some people keep promises better?	Where do you need to keep your word?	What promise will you honor this week?
S218	School	How long can you do right when no one cares?	What keeps you going when tired?	Where are you tired of doing good?	What perseverance step will you take?
S219	School	Did they think warnings were just talk?	When do consequences become real?	Where do you see the cost of ignoring warnings?	What wise change will you make now?
S220	School	Why run to Egypt when God said not to?	Where do we run when scared?	Where do fear-based choices tempt you?	What trust choice will you make?
S221	School	Does God care about nations that don't know Him?	Is anyone outside God's justice?	Where do you long to see justice today?	What prayer for justice will you offer?
S222	School	Do powerful nations last forever?	What brings empires down?	Where do you see those same roots of harm?	What step toward repair will you take?
S223	School	Can bullies rule forever?	What happens to proud empires?	Where do you trust in image or status?	What humble action will you choose?
S224	School	Did Jeremiah waste his life warning people?	Was it worth it if no one listened?	What lesson will you keep from this book?	What practice will help you remember?
S225	School	Is it okay to be this sad?	When should we mourn?	Where do you need to lament honestly?	What prayer of lament will you bring?
S226	School	Can hope survive total destruction?	Where do you find hope in the ruins?	Where do you need hope to rise again?	What daily reminder of mercy will you keep?
S227	School	If you saw this, could you speak?	What's it like to see God's glory?	How does awe change how you live?	What practice will help you live with awe?
S228	School	Why act out messages instead of just speaking?	Do actions speak louder than words?	Where do you need a wake-up call?	What change will you make before day's end?
S229	School	Can God's presence actually leave?	What drives God away?	Where do you crowd out God in daily life?	What will you remove to make room?
S230	School	Do people ever get the message?	Why are we so stubborn?	Where do warnings fail to move you?	What step of humble listening will you take?
S231	School	Why such shocking language about unfaithfulness?	How serious is betraying God?	Where do you treat promises lightly?	What faithful act will you choose?
S232	School	Can you have justice without mercy?	Which does God prefer?	Where do you need both truth and kindness?	What wise blend will you practice?
S233	School	Do we repeat our ancestors' mistakes?	How do you break family patterns?	Where are you repeating old mistakes?	What new path will you take today?
S234	School	Why use such a shocking story here?	How serious is unfaithfulness to God?	Where do you see loyalty and betrayal play out at school?	What faithful act will you choose this week?
S235	School	Why judge nations that don't even follow God?	Is God only in charge of Christians?	Where must you resist contempt for others?	What respectful action will you take today?
S236	School	Why was relying on Egypt such a bad idea?	What happens when we trust powerful people instead of God?	Where do you lean on fragile supports?	What stronger trust will you practice this week?
S237	School	What's the job of a watchman?	Are we responsible for our own choices?	Where should you speak up with care and truth?	What careful word will you share this week?
S238	School	Which promise here sounds the best?	How is God different from the bad leaders in this story?	Where do you need shepherding—guidance, rest, healing?	What step will you take to receive His care?
S239	School	Picture the valley of dry bones coming to life—what does that look like?	Can God bring life to things that seem completely dead?	Where do you hope to see new life emerge?	What practical act of hope will you practice?
S240	School	Why so many measurements?	What does all this detail say about how much God cares?	Where do boundaries help you meet with God?	What boundary will you honor daily this week?
S241	School	What would it feel like when God's glory returns?	Can God's presence really come back after leaving?	Where do you sense God rebuilding your heart?	What worship response will you bring this week?
S242	School	Why so many details about schedules and portions?	Does God care about our routines?	Which rhythm could shape your week well?	What time will you guard for God this week?
S243	School	If you followed this river, where would it lead?	What brings dead things to life?	Where do you long to see healing flow?	What step will you take toward that healing?
S244	School	Would you eat vegetables over royal food?	When does different equal better?	Where do you need resolve in a difficult environment?	What faithful practice will you keep this week?
S245	School	Which rescue was more impressive?	How does God humble the proud?	Where do you need courage to stand firm?	What bold yet respectful step will you take?
S246	School	Could you stay faithful knowing the cost?	Is integrity worth your life?	Where might integrity cost you something?	What choice will you make to stay faithful?
S247	School	Which vision scares you most?	Why show such frightening futures?	Where do you need endurance and hope?	What practice will help you endure this week?
S248	School	Do spiritual battles really happen?	Who's fighting who in the heavens?	Where do you feel outmatched or anxious?	What prayer will you keep in those moments?
S249	School	How can God love someone who keeps cheating?	What kind of love never gives up?	Where do you return to lesser loves?	What turn back to God will you make today?
S250	School	How many times will God say "come back"?	Is there a point of no return?	Where do you need to come home to God?	What practical step will you take today?
S251	School	What would the Day of the Lord look like?	Should we be scared or excited?	Where do you need wholehearted return to God?	What act of repentance will you practice?
S252	School	Can you worship God and hurt people?	Which matters more - rituals or relationships?	Where can you do right for someone overlooked?	What just action will you take this week?
S253	School	Is there hope after judgment?	What survives God's anger?	Where do you need both truth and hope?	What step will you take to seek both?
S254	School	Is it wrong to be happy when enemies fall?	What's the difference between justice and revenge?	Where might you celebrate another's fall?	What humble compassion will you show instead?
S255	School	Would you run from God's call?	Can God use reluctant prophets?	Who is hard for you to show mercy to?	What merciful step will you take this week?
S256	School	What does God actually want from us?	Is it really that simple?	Where can you do justice and love mercy?	What humble step will you take this week?
S257	School	Can you trust God when He seems silent?	Where is hope when everything's dark?	Where do you need that hope today?	What prayer of hope will you pray this week?
S258	School	Does God care about bullies?	Will evil people really pay?	Where do you long for God to set things right?	What faithful trust will you practice today?
S259	School	Is it okay to argue with God?	What if God's answers don't satisfy?	Where will you choose faith when answers delay?	What practice will help you rejoice in waiting?
S260	School	Who is the remnant?	Are you part of God's remnant?	Where do you need humility and courage together?	What seeking step will you take this week?
S261	School	Why did rebuilding matter so much?	What needs rebuilding in your life?	Where have you delayed good work you should do?	What first step will you take to rebuild?
S262	School	Do small beginnings matter?	Can our little efforts make a difference?	Where do you need fresh encouragement to serve?	What act of service will you do this week?
S263	School	What's better - fasting or justice?	Can you be religious and mean?	Where can you practice truth and peace?	What peacemaking choice will you make?
S264	School	What kind of king do you want?	Why do we need a perfect king?	Where do you welcome Jesus' gentle rule?	What allegiance step will you take this week?
S265	School	What questions is God asking you?	Are you giving God leftovers?	Where do you need a fresh heart in worship?	What change will you make before next week?
S266	School	If you were there, would you follow Jesus?	What's so different about His kingdom?	Where do you need to repent and follow?	What first step of obedience will you take?
S267	School	Which teaching hits hardest?	Could you actually live this way?	Where do you need to live this at school?	What practice will you start this week?
S268	School	Which miracle would you want to see?	Why did some people still doubt?	Where do you need to trust Jesus' authority?	What act of trust will you take this week?
S269	School	Which story makes the kingdom clearest?	Why teach in parables?	Where do you see small beginnings with big potential?	What faithful seed will you plant this week?
S270	School	Why did religious people hate Jesus?	When does doing right make enemies?	Where is it hard to follow Jesus right now?	What step will you take to follow anyway?
S271	School	Which value would change your school most?	How counter-cultural is Jesus?	Where do you need these values at school?	What step will you take to practice them?
S272	School	What would you give up to follow Jesus?	Is anything too precious to surrender?	Where is Jesus asking you to trust Him?	What step of obedience will you take?
S273	School	How would you have welcomed Jesus?	Do we recognize authority when we see it?	Where will you welcome His authority this week?	What act of honor will you offer Him?
S274	School	Which warning or hope grabbed you?	Are you ready for Jesus to return?	Where do you feel unprepared or distracted?	What watchful habit will you begin?
S275	School	Which moment in Jesus' final days hit hardest?	Could you stay loyal when everyone runs?	Where is it hard to stay loyal to Jesus?	What loyal step will you take today?
S276	School	If you'd been there, would you believe?	What makes resurrection hard to accept?	Where do you need resurrection hope now?	What witness will you share this week?
S277	School	Which of Jesus' first actions surprises you?	Why start with ordinary people?	Where do you need good news today?	What response will you make now?
S278	School	Which need would you want Jesus to meet?	Why did Jesus help so many people?	Who near you needs quiet help?	What act of service will you do this week?
S279	School	Would you follow Jesus if it cost popularity?	Why does doing good create enemies?	Where might faithful service draw criticism?	What humble step will you take even if it costs?
S280	School	Could you carry a cross for Jesus?	What's the hardest part of following Him?	Where do you resist the way of the cross?	What surrender step will you take this week?
S281	School	How would your school define greatness?	What makes someone truly great?	Where could taking a lower place bless others?	What serving choice will you make this week?
S282	School	How would you answer Jesus' critics?	Why do religious people often miss God?	Where do you need wise words under pressure?	What preparation will help you answer well?
S283	School	Which disciple's failure hits closest to home?	Why do we fail when pressure comes?	Where are you vulnerable to fear-driven choices?	What guard of prayer will you put in place?
S284	School	Which part of the crucifixion story hurts most?	Why did Jesus have to die?	Where do you need courage because He lives?	What bold next step will you take this week?
S285	School	Which birth announcement would you want to hear?	Why did God come as a baby?	Where do you need to trust God's timing?	What small act of faith will you take?
S286	School	Would you recognize Jesus if you met Him?	How do we prepare to meet God?	Where is quiet preparation needed in your life?	What practice will ready your heart?
S287	School	Which call would be hardest to accept?	What does following Jesus cost?	Where is He calling you to leave something?	What concrete follow step will you take?
S288	School	Which person's faith impresses you most?	What does Jesus respond to in people?	Where will you reach out in faith this week?	What specific prayer will you bring to Jesus?
S289	School	If Jesus sent you out, would you go?	What does Jesus expect from followers?	Where can you put learning into practice?	What action will you take this week?
S290	School	Could you be as determined as Jesus?	What does holy determination look like?	Where do you need focused resolve today?	What distraction will you lay down?
S291	School	Which teaching challenges you most?	Why does Jesus care about our priorities?	Where do priorities need rearranging?	What first change will you make?
S292	School	Which story or healing speaks to you?	What does the kingdom look like in action?	Where do you see that truth in daily life?	What small act will live it out?
S293	School	Which habit of faith seems hardest?	What obstacles trip us up most?	Which habit do you need most now?	What step will you take to grow it?
S294	School	How does Jesus treat outsiders?	Why does Jesus care about the forgotten?	Where do you need a fresh heart today?	What prayer will you make this week?
S295	School	How would you have reacted to Jesus' arrival?	Why did some welcome and others reject?	Where is Jesus challenging your comfort?	What obedient step will you take?
S296	School	Which disciple's failure feels most relatable?	Why do we fail when pressure comes?	Where do you need watchfulness in temptation?	What practical watch will you keep?
S297	School	What would convince you Jesus is alive?	How does resurrection change everything?	Where will you live differently because He rose?	What witness will you share soon?
S298	School	Which description of Jesus stands out?	Why so many names for one person?	Where do you need to "come and see" again?	What step will you take toward Jesus?
S299	School	Which conversation would you want to overhear?	How does Jesus change people?	Where do you need transformation today?	What request will you bring to Him?
S300	School	Which miracle would you want to witness?	Why do we still struggle with fear?	Where are you hungry or afraid now?	What trust step will you take?
S301	School	Would you defend Jesus if it cost you?	Why do people argue about Jesus?	Where do you need to take a stand on Jesus?	What confession will you make this week?
S302	School	Which character in the story do you relate to?	Why do religious people often miss God?	Where do others' opinions pressure your choices?	What faithful action will you take anyway?
S303	School	If Jesus could raise someone you love, who would it be?	Why does Jesus weep if He knows the ending?	Where do you need His comfort or power?	What prayer will you ask Him to answer?
S304	School	Could you wash someone's dirty feet?	Why does serving feel so awkward?	Where can you serve without being noticed?	What unseen service will you do this week?
S305	School	What does it mean to "abide" in Jesus?	How connected are you to the vine?	Where do you need to remain in Jesus this week?	What daily practice will help you abide?
S306	School	Which moment at the cross is hardest to face?	Why did Jesus have to die?	Where do you need to rest in His finished work?	What gratitude
S307	School	Which resurrection proof convinces you most?	What mission does Jesus give His followers?	Where can you be a witness this week?	What next step will you take today?
S308	School	How would you feel if the Spirit came on you?	What changes when God's Spirit arrives?	Where do you need Spirit-given courage now?	What prayer for power will you pray daily?
S309	School	Would you keep preaching if threatened?	Why does the gospel create opposition?	Where do you need courage to obey God?	What bold step will you take this week?
S310	School	Which ministry story inspires you most?	What does Stephen's witness teach about courage?	Where can you serve despite pushback?	What steady act will you continue this week?
S311	School	How completely did Paul's life change?	Can anyone be too far gone for God?	Where could God be turning you around?	What step will you take in that new direction?
S312	School	Why was it so hard to accept non-Jews?	What barriers do we create in the church?	Who is outside your usual circle now?	What welcome step will you take toward them?
S313	School	How did they keep going when people hated them?	What keeps missionaries motivated?	Where do you need endurance in serving?	What practice will help you keep going?
S314	School	Should new Christians follow all the old rules?	What's essential versus optional in faith?	Where do you add burdens God doesn't?	What freeing step will you take?
S315	School	How do you know where God wants you to go?	What does guidance look like on the move?	Where do you need guidance right now?	What step will you take with the light you have?
S316	School	Which conflict in the church surprises you?	How do you handle disagreement in Christian community?	Where do you need deeper learning or repentance?	What step will you take to grow?
S317	School	Would you defend your faith if arrested?	How do you speak truth under pressure?	Where could you speak truth under pressure?	What words will you prepare in prayer?
S318	School	How would you defend Christianity to a judge?	What makes a good witness for Jesus?	Where do you need gentle, clear words now?	What respectful response will you give?
S319	School	Would you trust God in a shipwreck?	How do you lead when everything's falling apart?	Where are you weathering a storm now?	What stabilizing step will you take?
S320	School	Do you think you're basically good?	What's the real problem with humanity?	Where do you see this reality around you?	What honest step toward God will you take?
S321	School	What's the difference between earning and receiving?	Why can't good works save us?	Where do you try to earn what God gives?	What trust step will you take today?
S322	School	What's different about life with the Spirit?	How does the Spirit help us?	Where do you need the Spirit's help now?	What simple prayer will you pray each day?
S323	School	Why did God choose Israel if they kept messing up?	How does God's mercy work in history?	Where do you need humility in God's story?	What worship response will you bring?
S324	School	What does a transformed life actually look like?	How does love show up in daily choices?	Where can you offer this kind of love?	What act of love will you choose?
S325	School	Which person mentioned would you want to meet?	What makes Christian community work?	Who helps you follow Jesus faithfully now?	How will you thank or support them?
S326	School	Which church problem sounds most familiar?	What does real unity require?	Where do you need to lay aside pride today?	What step will build unity this week?
S327	School	How do you honor others in relationships?	What boundaries protect love?	Where do you need wisdom in relationships now?	What boundary will you keep this week?
S328	School	When should you limit your freedom for others?	How does love shape our choices?	Where do you need self-control for someone's good?	What choice will you make out of love?
S329	School	What makes worship gatherings work well?	How can you build others up when you meet?	Where can you build others up when you meet?	What encouraging word will you speak?
S330	School	How does resurrection hope change daily life?	Why does the resurrection matter for everything?	Where do you need a resurrection perspective now?	What generous act will you plan?
S331	School	How do you serve when you feel weak?	What does ministry through weakness look like?	Where do you need comfort to keep serving?	What step will you take in dependence on God?
S332	School	What treasure do you carry in your clay jar?	How does grace change relationships?	Where do you need to forgive or reconcile?	What move toward grace will you make?
S333	School	Which example of giving inspires you?	What motivates cheerful giving?	Where can you share to meet a need now?	What gift will you prepare this week?
S334	School	How can you tell real from fake spiritual leaders?	What red flags should you watch for?	Where do appearances mislead you today?	What test will you use before trusting a voice?
S335	School	What's Paul's story of how he became a Christian?	Why does grace matter more than earning?	Where do you rest in approval more than grace?	What truth will you hold this week?
S336	School	What's at the core of the gospel?	What fruit should follow faith in Christ?	Where do you want to see this fruit grow?	What step will you take to walk by the Spirit?
S337	School	Which blessing in Christ means most to you?	What does being God's child change?	Where do you forget your true identity?	What reminder will you carry this week?
S338	School	Which old way needs to go?	What new way will you put on?	Where do you need renewal in speech or habits?	What new way will you put on this week?
S339	School	What makes you most anxious?	How do joy and unity fight anxiety?	Where can you choose joy in your routine?	What habit will help you rejoice daily?
S340	School	What would change if Jesus was truly supreme in your life?	How does Christ-centeredness look different?	Where are you pulled off center now?	What Christ-centered step will you take?
S341	School	How do you stay faithful while waiting?	What does holy living look like while waiting?	Where do you need hope for perseverance?	What step will help you stay awake to God?
S342	School	Which rumor or confusion troubles you most?	What keeps you steady when others panic?	Where do rumors unsettle your faith now?	What grounding truth will you repeat?
S343	School	Which instruction to Timothy speaks to you?	What example should young leaders set?	Where can you be faithful with small things?	What step will you take to serve steadily?
S344	School	Which charge or comfort hits hardest?	What does finishing the race involve?	Where do you need endurance today?	What practice will help you finish well?
S345	School	How does grace train us to live?	What good works flow from salvation?	Where do you need grace to change a habit?	What good work will you devote to this week?
S346	School	Would you forgive someone who stole from you?	What does gospel reconciliation look like?	Where do you need to repair a relationship?	What first step will you take?
S347	School	Why is Jesus better than angels?	What happens when we drift from His voice?	Where have you drifted from His voice?	What response of faith will you make today?
S348	School	What kind of priest do you need?	How does Jesus' intercession help you?	Where do you need His help right now?	What prayer will you bring with confidence?
S349	School	What makes the new covenant better?	How does Christ's sacrifice change everything?	Where do you still carry guilt or shame?	What truth will you rest in this week?
S350	School	Which hero of faith inspires you most?	What does running your race require?	What weight or sin slows you down?	What will you lay aside this week?
S351	School	What's the biggest contrast between old and new ways?	What practices of love are urged?	Where do you need peace and purity?	What step will you take today?
S352	School	How do faith and works connect?	What role do words play in wisdom?	Where do you need to put faith into action?	What work of love will you do this week?
S353	School	Which encouragement for suffering speaks to you?	What hope anchors believers here?	Where do you need courage to do right?	What gentle answer will you give this week?
S354	School	Which warning about false teaching concerns you?	How does God's patience give hope?	Where do you need diligence and hope together?	What step will help you grow in grace?
S355	School	What tests help you know if something is true?	What does walking in the light look like?	Where do you need assurance or change now?	What step will you take toward the light?
S356	School	What danger does John warn about?	How do you guard your heart and home?	Where do you need to guard your home or heart?	What boundary will you set this week?
S357	School	What problem does John address?	What does honest hospitality look like?	Who could you welcome or support this week?	What act of hospitality will you do?
S358	School	What threats to faith are highlighted?	How do believers build themselves up?	Where do you need mercy and vigilance now?	What step will help you contend well?
S359	School	Which church's message speaks to you most?	What calls to repent or endure stand out?	Which message speaks most to you now?	What response will you make this week?
S360	School	Which vision would you want to see?	What hope do the sealed receive?	Where do you need endurance in trial now?	What prayer will keep you steady daily?
S361	School	Which warning feels most urgent?	What response is God seeking from people?	Where do you need to turn from compromise?	What step of repentance will you take?
S362	School	Which symbol of conflict or hope speaks to you?	What do they teach about faithful endurance?	Where do you feel worn out in the fight?	What practice will renew your strength?
S363	School	Which scene of judgment affects you most?	What do they reveal about God's justice?	Where do you long for final justice now?	What trust will you hold in the meantime?
S364	School	What contrasts between Babylon and the Lamb stand out?	What warnings call people to come out?	Where are you drawn to Babylon-like habits?	What break will you make this week?
S365	School	Which image of the new creation moves you most?	What promises anchor hope for the future?	Where do you need this hope today?	What step will help you live as a citizen of that city?