Small Group CSV for all 365 stories.				
				
				
storyCode	question1	question2	question3	question4
S001	What patterns or repeated words did you notice in the passage?	What does the text suggest about God’s character and purposes?	How could this view of creation shape how we treat people and our work this week?	What one concrete action will you take to honor God’s design (at work, home, or city) this week?
S002	Which moments in the story show the pull of temptation and the choice to disobey?	What does the passage reveal about blame, hiding, and consequences?	Where do similar dynamics surface in everyday life (workplace, family, online)?	What specific boundary or habit will you set this week to resist a known temptation?
S003	What contrasts do you see between Noah and the surrounding culture?	What does the narrative show about God’s justice and mercy?	How does this challenge our comfort with cultural norms that conflict with God’s ways?	What one integrity practice will you commit to in a setting where it costs you?
S004	What motives drive the builders (status, security, control) in the text?	What does God’s response teach about pride and limits?	Where do we see ‘name‑making’ and exclusion in our circles or city systems?	What step will you take to build humility and inclusion in one relationship or team this week?
S005	What is asked of Abram, and how does he respond?	What does this reveal about trust amid uncertainty?	Where might comfort be keeping you from a faithful next step at work or home?	What one concrete step of obedience will you take before next meeting?
S006	Which promises or signs are emphasized?	What does the passage show about God’s faithfulness over time?	How could promise‑keeping strengthen your commitments (marriage, team, finances)?	What specific promise or commitment will you honor carefully this week?
S007	What problems in the cities are highlighted by the text?	What does the scene teach about God’s holiness and patient mercy?	How should this shape our approach to community safety, justice, and hospitality?	What practical care or advocacy step will you take for someone vulnerable this week?
S008	What tensions and choices stand out in Abraham’s test?	What does the account teach about worship, trust, and surrender?	Where might control be competing with trust in your daily life?	What one relinquishment or trust action will you practice this week?
S009	What developments move the story forward here?	What do you notice about God’s long, patient work across generations?	How does long‑term faithfulness shape your goals for family and vocation?	What patient, repeatable practice will you keep each day this week?
S010	What motives and methods are used to secure the blessing?	What consequences of deceit appear in the family system?	Where does cutting corners erode trust in your world?	What honest action will you take to repair or prevent a trust breach this week?
S011	What new tensions or dynamics surface in this section?	What do these dynamics show about rivalry and God’s purposes?	Where does comparison drive unhelpful choices in teams or families?	What step will you take to practice celebration rather than comparison this week?
S012	What turning points mark Jacob’s flight and encounter?	What does the wrestling scene suggest about identity and dependence on God?	Where might a hard conversation or pause with God bring clarity in your week?	What single step will you take to face, not avoid, a needed conversation or decision?
S013	What decisions lead to resettling, and what changes do you see?	How does God’s care appear amid messy circumstances?	Where are you navigating transition (role, location, season)?	What stabilizing rhythm (Sabbath, walk, journal, check‑in) will you schedule this week?
S014	Which hardships shape Joseph’s character here?	What does the passage show about God’s work in waiting and injustice?	How might faithful presence look in your unfair or slow season?	What one faithful task will you complete this week, even if unnoticed?
S015	What reveals Joseph’s humility and wisdom in leadership?	What risks or temptations accompany rapid promotion?	How can you steward influence without self‑promotion?	What accountability or gratitude step will you practice after a ‘win’ this week?
S016	What motives and fears surface for the brothers and Joseph?	What does Joseph’s restraint and testing reveal about wise reconciliation?	Where do you need both truth and grace to rebuild trust?	What first, modest step toward reconciliation will you take this week?
S017	What emotions and choices mark the reunion?	What does the narrative teach about forgiveness and repair over time?	Where might you move from avoidance to honest peace‑making?	What specific outreach (call, note, meeting) will you make this week?
S018	What themes of blessing, memory, and legacy appear?	What do these endings suggest about finishing well?	How should legacy shape your calendar and priorities now?	What one priority will you reallocate time or money toward this week?
S019	What forms of oppression and hope are present?	What does God’s call of Moses show about purpose and courage?	Where might you use your position to serve those under pressure?	What concrete advocacy or support step will you take this week?
S020	What fears and objections surface, and how are they met?	What does faithful obedience under pressure look like here?	Where do you need courage to do the right thing despite resistance?	What one action will you take this week that aligns with conviction over comfort?
S021	What patterns emerge in warnings, responses, and outcomes?	What does the story show about hard hearts and mercy?	Where might stubborn habits be harming you or your team?	What practice will you adopt to soften a hard pattern this week?
S022	Which instructions and symbols stand out and why?	What does the text communicate about rescue, identity, and belonging?	How could regular remembrance shape your home and workplace decisions?	What specific reminder (note, alarm, mealtime moment) will you set for the week?
S023	Which choices and emotions define the crisis and crossing?	What does the rescue reveal about fear and trust?	Where do you feel boxed in and tempted to panic?	What step will you take while asking God to open a path this week?
S024	Where do complaint and provision appear side by side?	What does the narrative teach about daily dependence?	How might gratitude practices change your tone at work and home?	What daily thanksgiving habit will you implement for seven days?
S025	Which command strikes you as most needed now and why?	What do the commands reveal about loving God and neighbor in real life?	How would your team or city change if these were practiced?	Which single command will you intentionally practice this week and how?
S026	What values for community life are emphasized?	How do these instructions protect justice and the vulnerable?	Where could you increase fairness in your sphere (workflows, pay, time, voice)?	What one fairness action will you take and communicate this week?
S027	Which details communicate God’s desire to dwell with His people?	What do beauty, order, and skill suggest about worship and work?	Where could excellence and care honor God in your craft?	What single quality‑improvement step will you take on a task this week?
S028	What responsibilities and boundaries are placed on leaders?	What does holiness look like in ordinary decisions?	Where do you need clearer boundaries to serve people well?	What boundary will you set or reinforce in your calendar or tech use this week?
S029	Which practices (incense, anointing, Sabbath) are highlighted?	What do these teach about presence, consecration, and rest?	Where are you overextended and thin on unhurried time with God or family?	What specific Sabbath block or digital limit will you schedule this week?
S030	What led the people to the calf, and what followed?	What does Moses’ intercession show about leadership and mercy?	What modern ‘idols’ compete for first place (image, security, productivity)?	What concrete swap will you make this week to put God first (replace X with Y)?
S031	How do the people respond to the call to build?	What do generosity and skillful work look like in the text?	Where can you offer time, talent, or resources for a shared good?	What specific contribution will you make before the next meeting?
S032	What completes the work, and what happens then?	What does God’s presence mean for the community’s future?	Where do you need to slow down to notice and honor God’s presence?	What simple practice (walk, silence, doxology) will you add daily this week?
S033	Which offerings stand out and why?	What do they teach about sin, gratitude, and approach to God?	How might confession and thanks recalibrate your week?	What honest confession and thanksgiving practice will you do on a set day this week?
S034	What additional rhythms of offering do you see?	What do they suggest about everyday life with God?	Where could routine tasks become worshipful habits?	What daily moment will you intentionally offer to God this week?
S035	What preparation steps are required for service?	What does the passage teach about readiness and responsibility?	Where do you need to prepare before you serve or lead?	What concrete prep step will you take 24 hours before your next responsibility?
S036	What distinctions does the text make and to what end?	What values about health, holiness, and community care appear?	How might wise limits help your body, mind, and relationships?	What one health or holiness limit will you observe all week?
S037	What repeated patterns of carefulness do you notice?	What does attention to detail protect in a community?	Where are small compromises weakening your impact?	What small, repeatable safeguard will you re‑establish this week?
S038	What images communicate atonement and cleansing?	What does the passage say about access to God and forgiveness?	How does living forgiven change how you treat others?	What step of reconciliation or repair will you take this week?
S039	What commands or warnings are emphasized?	What distinctives mark a holy people in this passage?	Where are you called to be different for good reasons (speech, money, sexuality, power)?	What one distinctive behavior will you practice consistently this week?
S040	What expectations are placed on those who serve?	What does this reveal about influence and example?	Where do you have quiet influence that needs integrity?	What example will you set intentionally in that space this week?
S041	Which rhythms or festivals are described?	What do corporate rhythms of remembrance produce?	What weekly rhythm would strengthen your discipleship and relationships?	What recurring reminder or gathering will you put on the calendar today?
S042	What practices of rest, release, and reset appear?	What do they show about trust, justice, and economic mercy?	Where could you practice release (debts, grudges, overwork)?	What specific release or rest step will you take this week?
S043	What choices and outcomes are paired in the text?	What does the passage teach about the trajectory of a life?	Where are your choices currently pointing you?	What course‑correction will you implement starting today?
S044	What purposes for the census are implied?	What does ordered preparation reveal about mission and trust?	Where would structure help your calling or household?	What one organizing step will you take before the weekend?
S045	What unique role is given the Levites?	What does set‑apart service look like today?	Where might God be setting you apart for steady, unseen service?	What service commitment will you accept or renew this week?
S046	What consecration practices stand out?	What does the text show about living under God’s blessing?	Which habit, if dedicated to God, would shift your week?	What habit will you dedicate to God and track daily this week?
S047	What preparations and celebrations occur?	What do they teach about starting well with God?	Where do you need to prepare rather than rush?	What first preparation step will you complete by a set time tomorrow?
S048	Where do complaint and care appear in tension?	What does the account teach about trust and contentment?	Where do you default to complaint under stress?	What replacement practice (gratitude, solution note, pause) will you use this week?
S049	What reports and reactions shape the outcome?	What do fear and faith look like here?	Where is fear shrinking your vision at work or home?	What faith‑aligned step will you take despite fear this week?
S050	What sparked the rebellion, and how did it unfold?	What does the passage reveal about pride, authority, and humility?	Where do you resist healthy guidance that could grow you?	What humble action will you take to receive correction this week?
S051	Which provisions and wins are highlighted?	What does the narrative show about God’s care in hard places?	Where have you seen small wins you need to acknowledge?	What gratitude or testimony will you share with one person this week?
S052	What tensions in motive and message do you see?	What does the story suggest about integrity under pressure?	Where could mixed motives be steering you?	What clarifying boundary or confession step will you take this week?
S053	What shifts or purposes surface in the second count?	What does it say about readiness across generations?	Where can you invest in someone younger or newer?	What mentoring or support step will you schedule this week?
S054	What commitments and rhythms are described?	What does the text teach about words and follow‑through?	Where do your words need alignment with actions?	What specific commitment will you keep and report back on next week?
S055	What lessons emerge from the travel and conflict notes?	What do you learn about perseverance and guidance?	Where do you need steady perseverance in a current assignment?	What small, repeatable step will you take each day this week?
S056	What instructions and boundaries are given?	What does the passage model about wisdom and planning?	Where do you need clearer boundaries to thrive?	What one boundary will you write down and communicate this week?
S057	What memories are reviewed and why?	What does remembering do for identity and obedience?	Which story of God’s help do you need to rehearse?	What practice will you use to remember and share it this week?
S058	What calls to listen and respond stand out?	What does the passage teach about hearing that leads to doing?	Where do you delay obedience while over‑analyzing?	What one small act of obedience will you do within 48 hours?
S059	Which covenant themes are central here?	What do they reveal about love, loyalty, and worship?	How could covenant love reshape one strained relationship?	What practical act of covenantal love will you do this week?
S060	What outcomes of obedience are described?	What does the text show about witness among the nations?	Where could your everyday choices point others to God?	What visible, humble good work will you do this week?
S061	What justice and care instructions appear?	What does this reveal about God’s heart for the vulnerable?	Where can you influence fair process or protection?	What concrete advocacy or fairness action will you take this week?
S062	Which instructions struck you as timely?	What values are being formed by these laws?	Where do these values challenge your current habits?	What one change will you practice daily for the next seven days?
S063	What protections or limits are emphasized?	What does the text teach about restraint and wisdom?	Where do you need wiser limits with speech, screens, or spending?	What specific limit will you adopt and share with a partner this week?
S064	What repeated themes paint a picture of community life?	What does that picture ask of leaders and neighbors?	Where could your group reflect that picture more fully?	What shared practice will you pilot together this week?
S065	Which choices and outcomes are contrasted again here?	What does the passage teach about a life’s direction over time?	Where are your current choices leading you?	What course correction will you make today and how will you track it?
S066	What invitation and warning are presented?	What does choosing life look like on the ground?	Where do you need to choose life over lesser options?	What life‑giving step will you take by mid‑week?
S067	Which transition moments stand out?	What do they show about leadership handoff and praise?	Who could you empower to step into responsibility?	What encouragement or task will you entrust to them this week?
S068	What blessings and farewells are given?	What do they reveal about God’s faithfulness to the end?	How will ‘finishing well’ shape your current season?	What finishing step will you complete or delegate this week?
S069	Which words to Joshua are most pivotal?	What does strength and courage look like here?	Where do you need courage to obey in your setting?	What practice (meditation, memo, reminder) will you use daily this week?
S070	What acts of trust mark the strategy and march?	What does the passage show about God’s ways versus ours?	Where might unusual obedience be your next right step?	What specific step will you take that looks small but faithful?
S071	What factors contribute to the setback?	What does the account teach about hidden sin and communal impact?	Where could secrecy be harming trust?	What appropriate, accountable step will you take to address it this week?
S072	What progress and gaps are recorded?	What does steady obedience over time require?	Where do you need follow‑through, not just intentions?	What next step will you calendar before you sleep tonight?
S073	What boundaries and portions are described?	What do they teach about order, equity, and contentment?	Where would clarity of roles help your team or home?	What role or expectation will you clarify in writing this week?
S074	What distribution patterns continue and why?	What values guide the allotments you see?	Where can you practice fairness when resources are limited?	What fair decision will you make and communicate this week?
S075	What remaining needs are addressed?	What does the closeout teach about completing assignments?	Where have you left something half‑done?	What deliverable will you finish and report done this week?
S076	What reminders and warnings does Joshua give?	What do they teach about loyalty and drift?	Where are you tempted to gradual compromise?	What guardrail will you put in place within 24 hours?
S077	What cycle do you observe across this section?	What does it reveal about habits and the heart?	Where do you notice this cycle in modern life?	What early interrupting step will you practice this week?
S078	Which leaders or moments affected you most?	What do these stories suggest about God using unlikely people?	Where might your unique strengths serve others now?	What specific service action will you take this week?
S079	What doubts, signs, and choices shape Gideon’s path?	What does the text show about courage in weakness?	Where do you need courage to act with limited resources?	What small but brave step will you take in the next two days?
S080	What warning signs appear in Abimelech’s rise?	What does the narrative teach about ambition and accountability?	Where could power plays damage trust in your context?	What accountability practice will you adopt this week?
S081	What stands out about vows and speech?	What are the risks of rash promises in relationships and leadership?	Where do your words need greater wisdom and pace?	What speaking limit or pause rule will you use this week?
S082	What strengths and vulnerabilities define Samson here?	What does the passage teach about calling and compromise?	Where are you strong yet prone to drift?	What safeguard (person, filter, schedule) will you set this week?
S083	Which scenes display moral confusion?	What does life look like without a true guide?	Where do you see ‘everyone does what they want’ shaping culture?	What one guiding truth will you hold to in a live decision this week?
S084	What further examples deepen the concern?	What does the section say about justice and communal harm?	Where could you be a protective presence for someone at risk?	What protective step will you take within your reach this week?
S085	Which choices by Ruth and Boaz mark loyal love?	What do their actions model for workplace and family ethics?	Where could loyal kindness shift a tense situation?	What concrete kindness will you show to a specific person this week?
S086	What signs show God’s presence with Samuel?	What does listening and responding look like here?	Where do you need to make space to hear before you act?	What listening practice (time, place, device rule) will you try daily this week?
S087	What reasons do the people give for wanting a king?	What does this reveal about comparison, fear, and trust?	Where do you feel pressured to copy others rather than obey God?	What counter‑cultural choice will you make this week?
S088	What moments mark Saul’s start?	What do humility and signs of calling look like in the text?	Where could humility strengthen your leadership or followership?	What humble practice will you choose in one meeting this week?
S089	What choices display folly under pressure?	What does the passage teach about impatience and image management?	Where do deadlines or appearances drive poor decisions?	What pause or review habit will you insert before key decisions this week?
S090	What contrasts appear between Saul and David?	What does ‘God looks at the heart’ call out in leadership culture?	Where are you tempted to value surface over substance?	What heart‑level practice (hidden service, private prayer, truth‑telling) will you do this week?
S091	Which moments of courage or fear stand out in this passage?	What does the narrative highlight about what God values in a leader?	Where do you face an oversized challenge that tests your trust?	What specific step of faith will you take toward that challenge this week?
S092	What tensions shape the relationships among Saul, David, and Jonathan?	What does this reveal about loyalty, envy, and trust?	Where could loyal friendship or teamwork push back against jealousy?	What tangible act of loyalty will you show to one person this week?
S093	Which choices does David make while under pressure?	What do those choices show about fear, wisdom, and dependence on God?	Where do you need wisdom before reacting in a tense setting?	What pause‑then‑act practice will you use before a hard conversation this week?
S094	Where is David tempted to get even, and what does he do?	What does his restraint teach about honor and patience?	Where could restraint break a cycle of escalation in your world?	What gracious response will you choose if you’re provoked this week?
S095	What contrasts are drawn between Saul’s fear and David’s posture?	What does the text show about seeking God versus quick fixes?	Where are shortcuts tempting you in work or relationships?	What concrete seek‑God‑first step will you build into a decision this week?
S096	What actions and words mark David’s lament?	What does lament teach about leadership, grief, and honor?	Where do you need room to grieve or honor a loss well?	What simple practice of lament (write, pray, speak thanks) will you do this week?
S097	What steps move David from waiting to kingship?	What does the passage show about timing, promise, and patience?	Where is waiting shaping your character right now?	What faithful habit will you maintain during this waiting week?
S098	Which promises are central in this chapter?	What do they reveal about God’s kingdom and grace?	How could promise‑based hope steady you under pressure?	What hope reminder will you rehearse daily (card, alarm, phrase) this week?
S099	What victories are highlighted, and how are they framed?	What safeguards keep success humble and God‑centered here?	Where do you need to credit God rather than self?	What gratitude action (note, testimony, gift) will you do after a ‘win’ this week?
S100	What early warning signs lead toward the failure?	What does the narrative show about sin, exposure, and consequence?	Where could a small compromise grow into greater harm?	What guardrail will you set (filter, partner, limit) before week’s end?
S101	What seeds of division start to appear?	What does this reveal about flattery, ambition, and influence?	Where do subtle power plays show up around you?	What peacemaking or truth‑in‑love step will you take this week?
S102	Which decisions escalate the conflict?	What do you observe about counsel, pride, and listening?	Whose wise voice should you invite before you decide?	What concrete step will you take to seek and heed wise counsel this week?
S103	What actions move the story toward restoration?	What balance of mercy and justice do you see?	Where is restoration needed in a group or relationship you’re in?	What first repair step (apology, restitution, meeting) will you take this week?
S104	What highs and lows mark this period?	What does it suggest about finishing with humility and trust?	Where do end‑of‑season choices matter most for you now?	What ‘finish‑well’ action will you complete or delegate this week?
S105	What challenges surround the transition?	What does a wise beginning look like here?	Where are you entering a new responsibility or season?	What first wisdom step (mentor call, plan, prayer) will you take this week?
S106	What request defines Solomon’s start?	What does God’s response value in leadership?	Where do you most need discernment right now?	What daily practice will you adopt for wisdom (read, reflect, ask) this week?
S107	What effort, planning, and skill stand out?	What does this communicate about excellence in worship and work?	Where could quality and care honor God in your craft?	What one quality‑improvement step will you take on a task this week?
S108	What themes surface in the dedication prayer?	What does God’s presence mean for the community’s life?	Where could you dedicate a space or routine to God?	What brief prayer of dedication will you pray over a specific place this week?
S109	What turned Solomon’s heart over time?	What warnings do you see about drift and divided loyalties?	Where might comfort be dulling your devotion?	What course‑correction will you make today and share with a partner?
S110	What words and choices trigger the split?	What do you learn about listening, pride, and consequences?	Where could stubborn speech be dividing your team or family?	What listening step (delay, summarize, invite) will you practice this week?
S111	What patterns repeat across these reigns?	What do they reveal about compromise, reform, and legacy?	Which pattern do you want to avoid or cultivate in your sphere?	What single practice will you adopt to shape a better legacy this week?
S112	What confrontations and faith moments strike you?	What does this reveal about loyalty to the true God?	Where do competing loyalties pressure your decisions?	What concrete step will you take to choose faithfulness this week?
S113	What highs and lows does Elijah experience?	How does God meet him in weakness and fear?	Where do you feel depleted or discouraged now?	What rest or obedience step will you schedule to recover this week?
S114	What injustices or abuses of power appear?	What does God signal about truth, justice, and authority?	Where do you see misuse of power that needs wise response?	What courageous, careful truth‑telling step will you take this week?
S115	Which alliances and choices stand out?	What do they reveal about partnership, risk, and trust?	Where do your alliances shape your walk with God?	What boundary or alignment step will you take this week?
S116	Which personal stories moved you?	What do you observe about compassion, faith, and God’s care?	Who near you needs quiet, concrete help?	What specific act of care will you offer this week?
S117	What international tensions and interventions appear?	What does this show about God’s reach beyond our circle?	Who is outside your usual networks that you could bless?	What one step toward them will you take this week?
S118	What judgments and reforms unfold?	What do you learn about zeal, obedience, and motives?	Where do you need zeal guided by wisdom and love?	What focused good will you do this week, with wise boundaries?
S119	What threats and rescues mark this era?	What does this say about courage, protection, and covenant?	What good thing has God entrusted to you that needs guarding?	What protection measure will you put in place this week?
S120	What mixed leadership records do you see?	What does partial obedience produce over time?	Where do you tend to stop short of what is good?	What completion step will you take and report by next meeting?
S121	What choices lead toward decline?	What warnings about idolatry and drift appear?	Where do lesser loves pull your heart?	What re‑centering practice will you implement today?
S122	Which reforms, prayers, or deliverances stand out?	What shows trust under threat and pressure?	Where are you facing pressure that tests your faith?	What prayer‑before‑action step will you take this week?
S123	What contrasts emerge among these kings?	What do you learn about repentance, renewal, and legacy?	Where do you need a clean restart with God?	What first repentance or renewal step will you take this week?
S124	Which warnings were ignored and with what results?	What does this reveal about sowing, reaping, and stubborn hearts?	Where might you be ignoring wise counsel now?	What listening change will you practice this week?
S125	Which names or notes catch your attention and why?	What does this long memory suggest about identity and promise?	Who has handed down faith or wisdom to you?	What thanks or honor will you express to that person/family this week?
S126	What roles or tribes are highlighted?	What do you notice about calling, skill, and service?	Where do you fit in your community’s shared work?	What role‑affirming step will you take this week?
S127	Which repeating details do you notice?	What does this suggest about God’s steady care?	How does belonging shape your current choices?	Whom will you encourage for quiet faithfulness this week?
S128	What transitions and responses unfold?	What do grief, honor, and hope look like together here?	Where are you living between an ending and a beginning?	What anchoring practice will you hold to each day this week?
S129	What responses to God’s presence appear?	What do reverence and joy together look like in the text?	Where could reverence and joy meet in your routines?	What worship habit will you practice this week (time, place, act)?
S130	What promises and victories are emphasized?	What do they say about God’s initiative and help?	Where can gratitude replace self‑credit in your life?	What praise step will you take after work well done this week?
S131	What failure and mercy appear?	What do you learn about confession, wisdom, and planning?	Where do you need to admit wrong and adjust your plan?	What correction step will you take and communicate this week?
S132	What organization and roles are established?	What does this show about shared service and order?	Where could better structure help your group or household?	What one system will you set up or simplify this week?
S133	Which roles and responsibilities stand out?	What do you learn about stewardship, trust, and teamwork?	Where should you delegate or ask for help to improve?	What team step will you take before the weekend?
S134	What resources and partnerships are gathered?	What does this teach about vision, planning, and collaboration?	Where do you need partners to build something good?	What clear ask will you make of a partner this week?
S135	What moments of dedication or worship are moving?	What does this reveal about God’s faithfulness to promises?	How can you dedicate your work or home to God this season?	What simple dedication prayer or act will you offer this week?
S136	Which achievements are recorded?	What priorities and pitfalls accompany accomplishment?	How will you keep worship above achievement?	What centering practice will you schedule daily this week?
S137	What counsel did he receive and choose?	What does this show about pride, humility, and listening?	Where have you dismissed good advice too quickly?	What listening habit (questions, delay, summary) will you use this week?
S138	What battles, reforms, or prayers stand out?	What does reliance on God in crisis look like here?	Where could you rely on God rather than panic?	What prayer‑first step will you take under pressure this week?
S139	What alliances and prayers mark his reign?	What does seeking God before battle teach?	Where do you need to pray before you plan?	What first prayer will begin your planning this week?
S140	What dangers and rescues appear?	What does this show about God preserving His purposes?	What good has God entrusted to you to guard?	What protective step will you take this week?
S141	What patterns emerge among these kings?	What warnings do you see about pride and drift?	Where could pride creep into your strengths?	What humble safeguard will you put in place this week?
S142	Which renewals and reforms stand out?	What do they reveal about trust, worship, and courage?	Where do you need to renew a good habit with God?	What renewal step will you schedule this week?
S143	What swings between faith and evil do you notice?	What do you learn about judgment, repentance, and mercy?	Where do you need hope that change is possible?	What first step toward change will you take this week?
S144	What discovery in Josiah’s time is pivotal?	What does Scripture do to reshape a people?	Where could Scripture re‑center your week?	What daily time will you set to read and respond?
S145	What first steps happen as people return?	What does rebuilding worship teach after setback?	Where do you need to rebuild something that matters?	What first brick will you lay this week toward that rebuild?
S146	What kinds of opposition arise?	What keeps the people steady through resistance?	Where do you face discouragement while doing good?	What steady step will you take despite pushback this week?
S147	What focus does Ezra bring?	What does setting the heart to study and do look like?	How can you set your heart to learn and live God’s word now?	What small plan will you start and share this week?
S148	What problem is confronted, and how do people respond?	What does real repentance look like in the passage?	Where do compromises need honest attention?	What concrete turn‑back step will you take this week?
S149	What burden and plan shape Nehemiah’s work?	What does prayerful planning teach for hard tasks?	Where do you sense a burden you should own?	What first move will you make with prayer and a plan this week?
S150	What tactics of opposition appear?	What helps the builders stay focused?	Where do distractions pull you off important work?	What focus practice (block time, mute, door) will you use this week?
S151	What practices restore identity and joy?	What do confession and celebration do together?	What rhythm helps restore your heart after stress?	What restoration rhythm will you build into this week?
S152	What commitments stand out?	What do you observe about accountability and worship?	Where do you need support to sustain good commitments?	What accountability step will you set up this week?
S153	What unlikely openings or turns do you see?	What does this suggest about providence and purpose?	Where can your position bless others now?	What concrete step will you take to serve where you are?
S154	What risks and decisions shape the rescue?	What does the text teach about courage and timing?	Where might you need to speak up wisely for someone?	What respectful action will you take this week?
S155	What losses and responses begin Job’s story?	What do you learn about honest lament and faith?	Where do you need room to bring pain to God?	What simple, spoken prayer of lament will you offer this week?
S156	What counsel do Job’s friends give, and what are its limits?	What does the section show about quick answers and real comfort?	How can you be a better friend to someone hurting?	What gentle support step will you take (listen, meal, note) this week?
S157	What accusations or claims appear here?	What do you observe about Job’s hope amid confusion?	Where are you holding on without full understanding?	What small trust practice will you choose today?
S158	What themes of justice and protest run through this section?	What does Job claim about integrity before God?	Where do you long for fairness or clarity now?	What honest request will you bring to God this week?
S159	What final defenses or self‑examination does Job make?	What does it mean to search the heart with God?	Where do motives need review in your life or work?	What next step will you take after reflection (adjust, confess, decide)?
S160	What new angles or corrections does Elihu offer?	What does he say about God’s greatness and teaching?	Where could you welcome correction or fresh insight?	What listening step will you practice in one meeting this week?
S161	What images of God’s power move you?	What does humility before mystery produce in Job?	Where can you trust God without complete answers?	What act of trust will you choose and note this week?
S162	Which lines from these psalms stay with you?	What portraits of the righteous and wicked appear?	How do these portraits intersect with your choices right now?	What daily prayer or verse will you carry and repeat this week?
S163	What cries or praises stand out?	What do you learn about God’s nearness in trouble?	Where do you need help or strength this week?	What one‑sentence prayer will you pray at start and end of each day?
S164	What images of God (shepherd, rock, shield) speak to you?	What do these psalms say about guidance and trust?	How will you practice trust in one concrete situation?	What verse will you place where you’ll see it daily this week?
S165	What testimonies or laments do you notice?	What do you learn about fear, refuge, and praise?	What fear needs naming before God?	What step of praise or seeking help will you take today?
S166	What repeated refrains or longings did you observe?	What does it mean here to thirst for God?	Where do you feel spiritually dry or discouraged?	What simple seek‑God practice will you add for seven days?
S167	What contrasts between plotting and trusting appear?	What responses of faith show up under pressure?	Where are you tempted to retaliate or despair?	What trusting, non‑retaliating response will you choose this week?
S168	What pictures of creation and blessing caught your eye?	What do you learn about justice, mercy, and the King?	How will you pray for leaders and communities this week?	What specific, short intercession will you pray daily?
S169	What struggles with envy or doubt appear?	What shifts when the psalmist enters God’s presence?	Where does comparison steal your joy?	What gratitude step will you practice to reframe your perspective this week?
S170	What history or warnings are retold?	What lessons are we meant to remember and pass on?	What story of God’s help could you share with someone younger?	Who will you tell, and when, this week?
S171	What songs of longing and praise stood out?	What do you notice about God’s faithfulness to promises?	Where do you long to sense God’s presence in ordinary life?	What small draw‑near practice will you add this week?
S172	What calls to worship and trust do you see?	What do these psalms say about God’s reign and care?	How could public gratitude point others to God at work or home?	What brief line of praise will you speak each day this week?
S173	What commitments and confessions appear?	How do these psalms model remembering God’s works?	What commitment do you need to renew with God?	What step will you take to keep it this week (time, reminder, partner)?
S174	What patterns of rescue and thanks recur?	What does fearing the Lord look like in daily choices?	Where have you seen God rescue you recently?	Whom will you thank or encourage because of it this week?
S175	What themes of praise and trust stand out?	How does God lift the humble and help the needy?	Where do you need humility in visibility or success?	What simple act of thanks will you offer today?
S176	Which lines about God’s word moved you most?	What do you see about Scripture’s value for life?	How could you weave Scripture into your day?	What one practice (read, memorize, reflect) will you start this week?
S177	What pilgrim songs or refrains caught your ear?	What do they say about steadfast love?	What journey are you on that needs God’s help?	What short prayer will you pray along the way each day this week?
S178	What raw emotions and praises appear together?	What does this show about bringing your whole heart to God?	Where do you need to bring strong feelings into prayer?	What honest prayer step will you take this week?
S179	What reasons to praise fill these closing psalms?	What do you notice about who praises and how?	How could praise reshape ordinary routines?	What one practice of praise will you build into your mornings this week?
S180	What contrasts between wisdom and folly stand out?	What value do you see in listening and correction here?	Where do you most need wisdom for a choice you face now?	What step will you take to seek counsel before deciding this week?
S181	Which sayings or images strike you most here?	What do they teach about wise vs. foolish pathways?	Where could this wisdom correct a current habit or reaction?	What one practice will you adopt this week to walk in wisdom?
S182	What repeated themes do you notice (speech, diligence, integrity)?	What results does the text attach to these choices?	Which theme speaks most to your week at work or home?	What single change will you make to align with that theme?
S183	What contrasts about motives and outcomes stand out?	How do these proverbs expose hidden heart aims?	Where might good intentions need wiser methods?	What concrete adjustment will you make in your approach this week?
S184	What counsel or warning feels timely?	What do these sayings assume about teachability and friends?	How could wise correction strengthen one relationship or team?	What step will you take to invite or receive honest feedback?
S185	Which proverbs about work and patience stand out?	What consequences or blessings are tied to these choices?	Where do shortcuts tempt you to compromise quality?	What quality‑first step will you take on a task this week?
S186	Which proverb addresses a live temptation you face?	What wiser alternative does the text commend?	What boundary would protect that wiser choice?	What clear boundary will you set and communicate this week?
S187	What tensions about meaning, toil, and gain appear?	How does the writer assess work, pleasure, and limits?	Where are you chasing wind in your rhythms or goals?	What one simplification or limit will you implement this week?
S188	What balances the writer makes between joy and reverence?	How do limits and seasons frame wise living here?	Where do you need humble enjoyment instead of control?	What small practice of reverent enjoyment will you schedule this week?
S189	What pictures of love, desire, and commitment emerge?	What boundaries and honors appear around love?	How might these shape speech and conduct in dating or marriage?	What one honoring action will you practice in words or time this week?
S190	Which charges and hopes are named?	What does God desire from worship and justice here?	Where could ritual be replacing righteousness in your world?	What justice‑oriented step will you take for someone affected by neglect?
S191	What struck you about the vision and Isaiah’s response?	What does holiness and cleansing produce in a messenger?	Where do you sense a call that scares you?	What simple ‘here am I—send me’ step will you take this week?
S192	What warnings and promises stand out?	What traits mark the promised reign described here?	Where do you long for this kind of rule in life or city?	What act of hope‑shaped obedience will you do this week?
S193	Which nations are addressed and for what reasons?	What patterns of pride and harm are judged?	Where do you see similar roots in today’s systems or hearts?	What one intercession or integrity act will you take in your sphere?
S194	What repeating ideas about idols and trust appear?	How does the text contrast God with false securities?	Where are you tempted to trust image, wealth, or alliances?	What trust shift will you make and note this week?
S195	What images of judgment and rescue appear?	What does the passage claim about God’s rule over history?	Where do you need hope while facing hard news?	What daily truth or prayer will you repeat to anchor hope?
S196	What themes of pride, refuge, and warning recur?	How does misplaced trust get exposed in the text?	Where might self‑reliance be hiding as wisdom?	What practical dependence step will you take this week?
S197	What future restoration is pictured?	What promises are given to the redeemed?	Where do you need courage from this vision today?	What concrete step will you take that aligns with this promised future?
S198	What deliverance and what failure are recorded?	What lessons about trust and pride emerge?	Where could success lead you to careless decisions?	What humility safeguard will you set (review, counsel, limit) this week?
S199	What contrasts between God and idols are highlighted?	What comfort or calling do you hear for the weary?	Where do you feel weak or fearful now?	What truth from this text will you speak when fear rises?
S200	What marks the Servant’s mission and manner?	How do idols fail in contrast to God’s action here?	Where could gentle justice guide your approach this week?	What specific gentle‑and‑firm step will you take for someone’s good?
S201	What does God declare about Cyrus and history?	What does this show about God’s sovereignty over events?	Where do you struggle to see purpose in delays or detours?	What patient trust practice will you keep each day this week?
S202	Which roles of the Servant stand out (light, covenant, comfort)?	How is hope offered to the tired and distant?	Where could you embody faithful service in a small way?	What servant act will you plan and carry out this week?
S203	What suffering and victory are described?	What does the passage claim about how God saves?	How does this shape humility and mercy in your dealings?	What mercy action will you take toward someone this week?
S204	What true fasting and justice look like here?	What promises follow humble repentance and care for the poor?	Where can you align piety with tangible mercy?	What specific mercy practice will you do and review this week?
S205	What cycles of judgment and restoration appear?	What hope is given to God’s servants?	Where do you need long‑view endurance?	What endurance habit (prayer, journal, check‑in) will you keep daily this week?
S206	What parts of Jeremiah’s call and God’s promise stand out?	What fears and reassurances are named?	Where might you be called to speak truth with care?	What careful, obedient step will you take this week?
S207	What sins and warnings are identified?	What does this section reveal about stubborn hearts?	Where do similar roots appear in culture or self?	What turn‑from step will you take today to cut a harmful root?
S208	What false trusts are exposed?	What does real worship require in this text?	Where are forms replacing substance in your rhythms?	What honest change will you make in how you approach worship this week?
S209	What covenant breaches are described?	What does this show about hard hearts and consequences?	Where are you resisting a clear word from God?	What practical step will you take to return to obedience?
S210	What images show God’s reluctance to judge?	What does this teach about the weight of sin?	Where do you tend to minimize damaging choices?	What wise limit will you set to prevent repeat harm?
S211	What signs of mercy appear and under what conditions?	What responses are invited in this passage?	Where do you see an open door to return or reset?	What step will you take through that door this week?
S212	What opposition and pressures meet Jeremiah?	How does he respond under hostility?	Where do you need courage to persist in a good work?	What support or rhythm will you put in place to keep going?
S213	Which leaders are addressed and for what failures?	What does God require of leaders in this passage?	Where do you influence quietly and need integrity?	What leader habit will you practice consistently this week?
S214	What conflict over truth appears here?	What marks a trustworthy message in the text?	Where do you need discernment among loud voices?	What test of truth will you apply before acting this week?
S215	What hope is offered to the exiles?	What does the promised covenant describe?	Where do you need patient fidelity in a long season?	What small, regular practice will you keep while you wait?
S216	What act of faith does Jeremiah take and why?	What does this show about hope inside crisis?	Where could you invest now toward a future good?	What small investment step will you make this week?
S217	What covenants are contrasted and with what outcomes?	What is commended about steadfast obedience?	Where do you need to keep your word despite inconvenience?	What promise will you honor carefully this week?
S218	What trials continue and how does Jeremiah endure?	What sustains faithfulness under prolonged pressure?	Where are you tired of doing good?	What perseverance step will you commit to and report next meeting?
S219	What scenes and reactions mark the fall?	What lessons about warning and consequence surface?	Where do you see slow‑burn consequences in life or systems?	What wise preventive step will you take this week?
S220	What choices lead to the flight, and why?	What does this show about fear, trust, and refusal to listen?	Where are fear‑based decisions steering you?	What trust‑based choice will you make and share with someone this week?
S221	What judgments are announced and for which reasons?	What does this reveal about God’s justice among nations?	Where do you long to see justice addressed today?	What prayer or advocacy act will you take for a just outcome?
S222	What further judgments are declared and why?	What recurring wrongs are called out?	Where do those same roots appear near you?	What repair‑oriented step will you take within your reach?
S223	What fate awaits Babylon in this section?	What does this say about pride, empire, and downfall?	Where is pride tempting you to overreach?	What humble practice will you adopt daily this week?
S224	What closing notes end Jeremiah’s book?	How do the outcomes confirm earlier words?	What must you carry forward as a settled lesson?	What reminder or rule will you write and keep visible this week?
S225	What images of grief and loss stand out?	What does the lament teach about sin’s cost?	Where do you need space for honest lament?	What short lament prayer will you speak this week?
S226	What turns toward hope appear here?	What is remembered about God’s mercy and faithfulness?	Where do you need hope to rise again?	What daily mercy reminder will you set and use this week?
S227	What features of the vision stay with you?	What does this communicate about God’s glory and calling?	How should awe reshape your pace and choices?	What practice of awe (silence, creation walk, doxology) will you add daily?
S228	What sign‑acts does Ezekiel perform and why?	What message are they meant to convey?	Where do you need a wake‑up call to change course?	What immediate change will you make before day’s end?
S229	What reasons are given for God’s departure?	What does this reveal about idolatry and presence?	Where are you crowding out God with lesser things?	What will you remove to make room for God this week?
S230	What enacted signs of exile appear here?	What do they show about stubborn refusal to listen?	Where are repeated warnings going unheeded?	What listening action will you take (ask, pause, heed) this week?
S231	What metaphors describe unfaithfulness?	What do they reveal about covenant love and betrayal?	Where are promises being treated lightly?	What faithfulness step will you take to strengthen a promise you’ve made?
S232	What images of judgment and lament stand out?	How do justice and mercy appear together?	Where do you need both clarity and compassion?	What wise, balanced action will you practice in a hard situation this week?
S233	What history of rebellion is rehearsed?	What does this show about patience and consequence?	Where are old patterns repeating in your life or setting?	What new path will you start and track beginning today?
S234	What hard images confront unfaithfulness here?	What outcomes do they warn about?	Where do you see relational betrayal harming community?	What repair step (truth, boundary, restitution) will you advance this week?
S235	Which nations are addressed and for what?	What warnings about pride and cruelty emerge?	Where must you resist contempt and choose respect?	What respectful action will you practice toward someone you distrust?
S236	What judgments fall on Egypt’s pride and power?	What do they reveal about false strength and downfall?	Where are you leaning on fragile supports?	What stronger trust or discipline will you practice this week?
S237	What is the watchman’s role and duty?	What responsibility toward warning and truth do you see?	Where should you speak up carefully for someone’s good?	What careful, timely word will you share this week?
S238	What shepherd images describe God’s care?	What promises of renewal are offered?	Where do you need shepherding—guidance, rest, healing?	What step will you take to receive and extend that care this week?
S239	What visions of life and renewal appear?	What do they reveal about Spirit‑given restoration?	Where do you hope to see new life emerge?	What practical act of hope will you practice this week?
S240	What details of measurement and order stand out?	What do order and holiness communicate here?	Where do boundaries help you meet with God?	What boundary (time, place, tech) will you honor daily this week?
S241	What moment marks return and presence?	What changes should follow God’s glory among the people?	Where do you sense God rebuilding your inner life?	What worship response will you practice this week?
S242	What roles, portions, and rhythms are described?	What do sacred times teach about community life?	Which rhythm could shape your family or group well?	What time will you guard and practice this week?
S243	What life‑giving images affect you most?	What do they show about God’s presence bringing healing?	Where do you long to see healing flow?	What step toward planting or tending life will you take this week?
S244	What pressures test Daniel and friends?	What practices keep them faithful?	Where do you need resolve in a difficult environment?	What faithful practice will you keep without exception this week?
S245	What rescues and humblings occur?	What do they reveal about God’s rule and human pride?	Where do you need courage to stand and kindness to speak?	What bold yet respectful step will you take this week?
S246	What warnings are ignored at the feast?	What does Daniel’s witness look like under threat?	Where might integrity cost you in the near term?	What faithful choice will you make and record this week?
S247	Which visions or themes stand out?	What do they say about God’s final rule and human kingdoms?	Where do you need endurance and hope?	What endurance practice will you adopt daily this week?
S248	What insights are given into conflict and unseen struggle?	How does the text frame perseverance amid chaos?	Where do you feel outmatched or anxious now?	What steady prayer or habit will you keep when anxiety spikes?
S249	What signs of steadfast love and painful cost appear?	What does the account say about unfaithfulness and pursuit?	Where do lesser loves pull you off course?	What turn‑back step will you take today toward faithfulness?
S250	What repeated calls to return are heard?	What promises meet repentance in this passage?	Where do you need to come home to God’s ways?	What practical return step will you take today?
S251	What images portray the Day of the Lord?	What responses does the prophet call for?	Where do you need wholehearted return rather than half‑measures?	What concrete act of repentance will you practice now?
S252	What injustices and empty forms of worship are named?	What does God require instead?	Where can you do right for someone overlooked?	What just action will you take and share with the group next week?
S253	What visions does Amos receive and report?	What hope remains after judgment here?	Where do you need both truth and hope together?	What one step will you take to seek both this week?
S254	What is Edom judged for?	What warning is offered about pride and gloating?	Where might you be tempted to celebrate another’s fall?	What humble compassion will you show instead this week?
S255	What surprises you most in Jonah’s account?	What does God’s mercy toward Nineveh reveal?	Who is hard for you to view with mercy in public life?	What merciful word or act will you extend this week?
S256	What charges and promises appear in Micah?	What does the text say God requires of His people?	Where can you do justice and love mercy right now?	What humble, concrete act will you take this week?
S257	What laments and promises are set together?	What future hope is offered to the people?	Where do you need that hope today?	What short prayer of hope will you speak each morning this week?
S258	What picture of God’s justice appears?	What comfort is offered to the oppressed?	Where do you long for God to set things right?	What faith‑anchored trust step will you practice today?
S259	What questions and answers/tensions mark Habakkuk’s dialogue?	What does the text model about faith when answers delay?	Where will you choose trust without full clarity?	What rejoice‑in‑waiting practice will you adopt this week?
S260	What warnings and songs shape this book?	What hope is offered to the humble who seek the Lord?	Where do you need humility and courage together?	What seeking‑the‑Lord step will you take this week?
S261	What priorities Haggai confronts and commends?	What promise does God give to rebuilders?	Where have you delayed necessary good work?	What first rebuilding step will you take and log this week?
S262	What visions encourage the work and cleanse the people?	What do they imply about God’s empowering presence?	Where do you need fresh encouragement to serve?	What act of service will you do this week with prayerful dependence?
S263	What questions about fasting and justice are addressed?	What kind of community does God promise?	Where can you practice truth and peace today?	What peacemaking choice will you deliberately make this week?
S264	What is said about the coming King and salvation?	What responses of mourning and trust appear?	Where do you welcome the Shepherd’s rule in daily choices?	What allegiance step will you take this week in a live decision?
S265	What questions and corrections does God raise?	What issues in worship and ethics are confronted?	Where do you need a renewed heart in worship and work?	What one change will you implement before next week?
S266	What beginnings of the kingdom appear here?	What does Jesus announce and invite people into?	Where do you sense a call to repent and follow?	What first obedience will you practice this week?
S267	Which teachings from the Sermon most challenge you?	What picture of righteousness does Jesus give?	Where should these words reshape your ordinary practices?	What specific practice will you start this week?
S268	What signs and responses mark Jesus’ ministry here?	What do you learn about authority, faith, and sending?	Where do you need to trust Jesus’ authority now?	What act of trust will you take this week in that arena?
S269	Which parables or sayings stand out and why?	What do they reveal about the kingdom’s growth and value?	Where do you see small beginnings with big potential?	What faithful seed will you plant or tend this week?
S270	What conflicts and confessions appear here?	What do you observe about faith amid resistance?	Where is following Jesus costly for you right now?	What step will you take to follow anyway this week?
S271	Which teachings or scenes stand out in this chapter?	What do they show about humility, accountability, and forgiveness?	Where would these values change a situation in your week?	What concrete step will you take to practice humble reconciliation?
S272	What encounters or sayings mark Jesus’ approach?	What do these reveal about cost, priorities, and trust?	Where is Jesus’ way confronting your comfort or schedule?	What specific act of obedience will you do this week?
S273	What responses to Jesus’ arrival do you notice?	What does this reveal about His authority and people’s hearts?	Where do you need to welcome His authority in daily decisions?	What honoring action will you take because He is King?
S274	Which warnings or hopes are most striking?	What do they teach about readiness and faithful stewardship?	Where are you distracted from what matters most?	What watchful habit will you begin and keep this week?
S275	What moments or choices move the story here?	What do they show about love, betrayal, and perseverance?	Where is loyalty to Jesus costly for you now?	What loyal action will you take despite pressure?
S276	Which details of death and resurrection stand out?	What do they declare about hope and mission?	Where do you need resurrection hope in a hardship?	What witness or act of courage will you take this week?
S277	What starts Jesus’ ministry in these scenes?	What do you learn about the gospel’s power and aim?	Where do you need good news to reshape attitude or action?	What response will you make in light of this good news?
S278	What needs does Jesus meet and how?	What does this model about serving others?	Where can you serve quietly and concretely this week?	What specific service will you schedule and do?
S279	What tensions arise as Jesus serves?	What do you learn about power, humility, and opposition?	Where might faithful service draw criticism today?	What humble step will you take even if it costs?
S280	What confessions or misunderstandings appear?	What does Jesus teach about the path of following Him?	Where do you resist the way of the cross?	What surrender step will you take this week?
S281	Which teachings challenge ambition here?	What does true greatness look like in this passage?	Where could taking a lower place bless others?	What serving choice will you make in one setting this week?
S282	What questions or traps are raised?	How does Jesus answer with wisdom and truth?	Where do you need wise, calm words under pressure?	What preparation or practice will help you answer well?
S283	Which failures and faithfulness do you notice?	What does this show about weakness, prayer, and courage?	Where are you vulnerable to fear‑driven choices?	What guard of prayer or accountability will you put in place?
S284	What scenes of injustice and victory stand out?	What does the cross and empty tomb call you to?	Where do you need courage because He lives?	What bold next step will you take this week?
S285	What surprises and responses appear in these stories?	What do they show about timing, promise, and grace?	Where do you need to trust God’s timing?	What small act of faith will you take this week?
S286	What preparations or tests do you see?	What do they teach about identity, dependence, and mission?	Where is quiet preparation needed in your life?	What practice will you adopt to ready your heart?
S287	What calls and healings stand out?	What do they show about following Jesus day to day?	Where is He calling you to leave or start something?	What concrete follow step will you take this week?
S288	What links do you see between faith and healing?	What does Jesus notice in those who come to Him?	Where will you reach out in faith this week?	What specific prayer will you bring to Jesus daily?
S289	What milestones close this phase?	What expectations does Jesus set for disciples now?	Where can you put learning into practice?	What action will you take to act on what you’ve learned?
S290	What choices show Jesus’ resolve?	What does discipleship cost look like here?	Where do you need focused resolve today?	What distraction will you lay down this week?
S291	Which teachings challenge fear or comfort?	What do they say about trust and priorities?	Where do priorities need rearranging in your calendar?	What first change will you implement by mid‑week?
S292	What parable or healing most strikes you?	What truth about the kingdom do you see?	Where do you see this truth in your daily life?	What small action will live that truth out this week?
S293	What habits of faith are commended?	What obstacles are warned against?	Which habit do you most need now?	What step will you take to grow that habit this week?
S294	What do you notice about mercy and justice here?	What does Jesus look for in hearts?	Where do you need a fresh heart posture today?	What prayer or practice will you add this week?
S295	What responses to Jesus appear?	What does His authority challenge in people?	Where is He challenging your comfort?	What obedient step will you take this week?
S296	What warnings or prayers were missed?	What does this reveal about weakness and grace?	Where do you need watchfulness in a temptation?	What practical watch will you keep this week?
S297	What moved you most in this account?	What does the resurrection call you to now?	Where will you live differently because He rose?	What witness will you share soon and with whom?
S298	What titles and images describe Jesus?	How do the first disciples respond?	Where do you need to ‘come and see’ again?	What step will you take toward Jesus this week?
S299	What signs and conversations stand out?	What do they reveal about new life in Jesus?	Where do you need transformation today?	What request will you bring to Him daily this week?
S300	What patterns connect these signs?	What do they say about hunger, fear, and faith?	Where are you hungry or afraid now?	What trust step will you take this week?
S301	What debates or claims about Jesus arise?	What does Jesus reveal about Himself here?	Where do you need to take a clear stand on Jesus?	What confession or commitment will you make this week?
S302	What changes in the healed person’s life?	What do leaders’ reactions reveal in the story?	Where do others’ opinions pressure your choices?	What faithful action will you take anyway this week?
S303	What emotions surround this sign?	What does Jesus show about life and death?	Where do you need His comfort or power now?	What prayer will you ask Him to answer this week?
S304	What act of service stands out?	What does Jesus teach about love and identity?	Where can you serve without being noticed?	What unseen service will you do this week?
S305	What images of abiding and unity speak to you?	What does fruitfulness look like in this passage?	Where do you need to remain in Jesus this week?	What daily practice will help you abide?
S306	What injustices and fulfillments appear?	What does Jesus’ sacrifice mean for us?	Where do you need to rest in His finished work?	What gratitude response will you practice this week?
S307	What proofs and meetings are recorded?	What mission does Jesus give His followers?	Where can you be a witness this week?	What next step will you take today to share or serve?
S308	What happens when the Spirit comes?	What does this mean for fear and boldness?	Where do you need Spirit‑given courage now?	What prayer for power will you pray daily this week?
S309	What tensions rise as the church grows?	How do believers respond under pressure?	Where do you need courage to obey God?	What bold, respectful step will you take this week?
S310	What ministries multiply here?	What do you learn from Stephen’s witness?	Where can you serve despite resistance?	What steady act will you continue this week?
S311	What changes in Saul’s life and direction?	What does this show about grace and calling?	Where could God be turning you around?	What step will you take in that new direction this week?
S312	What barriers are crossed in this story?	What does God show about welcome and inclusion?	Who is outside your usual circle now?	What welcome step will you take toward them?
S313	What patterns of preaching and response appear?	What keeps the team focused amid pushback?	Where do you need endurance in serving?	What practice will you use to keep going this week?
S314	What problem is resolved and how?	What does the decision say about grace and unity?	Where are you adding burdens God does not?	What freeing step will you take this week?
S315	What new doors and detours show up?	What does guidance look like on the move?	Where do you need guidance right now?	What step will you take with the light you have?
S316	What growth and conflicts mark this time?	What do you notice about teaching and change?	Where do you need deeper learning or repentance?	What step will you take to grow this week?
S317	What events lead to Paul’s arrest?	What does courage look like in his defense?	Where could you speak truth under pressure?	What words will you prepare in prayer this week?
S318	What hearings and appeals occur?	What does Paul model in witness and reason?	Where do you need gentle, clear words now?	What respectful response will you give this week?
S319	What crises and rescues happen on the way?	What does leadership look like in the storm?	Where are you weathering a storm now?	What stabilizing step will you take this week?
S320	What problem with sin is described?	What does this mean for every person?	Where do you see this reality in your context?	What honest step toward God will you take this week?
S321	What good news is announced here?	What does faith do that law cannot?	Where do you try to earn what God gives?	What trust step will you take today?
S322	What changes when we live by the Spirit?	What hope is given for our struggle?	Where do you need the Spirit’s help now?	What simple prayer will you pray each day this week?
S323	What story of mercy unfolds in these chapters?	What does this say about God’s plan and people?	Where do you need humility in God’s story?	What worship response will you bring this week?
S324	What marks a transformed life in this text?	What does love look like in practice here?	Where can you offer this kind of love this week?	What act of love will you choose and do?
S325	What relationships and teamwork do you notice?	What do these greetings reveal about the church?	Who helps you follow Jesus faithfully now?	How will you thank or support them this week?
S326	What problems are addressed in this church?	What does true unity rest on here?	Where do you need to lay aside pride today?	What step will you take to build unity this week?
S327	What guidance is offered for purity here?	What principles stand out for honor and care?	Where do you need wisdom in relationships now?	What boundary will you keep this week?
S328	What does Paul teach about freedom and love?	How should freedom be used with others?	Where do you need self‑control for someone’s good?	What choice will you make out of love this week?
S329	What do you learn about love and worship here?	What order and purpose guide the church?	Where can you build others up when you meet?	What encouraging word will you speak this week?
S330	What hope does the resurrection secure?	How does that shape work and giving?	Where do you need a resurrection perspective now?	What generous act will you plan this week?
S331	What hardships and comforts are named?	What does ministry through weakness look like?	Where do you need comfort to keep serving?	What step will you take in dependence on God?
S332	What treasure in jars of clay do you see?	What does grace change in relationships?	Where do you need to forgive or reconcile?	What move toward grace will you make this week?
S333	What examples of giving stand out?	What principles guide cheerful giving?	Where can you share to meet a need now?	What gift will you prepare and deliver this week?
S334	What marks distinguish true from false servants?	What warnings does Paul give?	Where do appearances mislead you today?	What test will you use before trusting a voice?
S335	What story does Paul tell of his calling?	What does this show about grace versus earning?	Where do you rest in approval more than grace?	What truth will you hold to this week?
S336	What is the core of the gospel here?	What fruit should follow faith in Christ?	Where do you want to see this fruit grow?	What step will you take to walk by the Spirit?
S337	What blessings in Christ are listed?	What does adoption into God’s family mean?	Where do you forget your true identity?	What reminder will you carry this week?
S338	What practices mark a healthy church family?	What old ways must be put off here?	Where do you need renewal in speech or habits?	What new way will you put on this week?
S339	What themes of joy and unity appear?	What practices fight anxiety and division?	Where can you choose joy in your routine?	What habit will help you rejoice daily?
S340	What does Paul say about Jesus’ supremacy?	What changes when Christ is your center?	Where are you pulled off center now?	What Christ‑centered step will you take this week?
S341	What hopes and commands shape waiting here?	What does holy living look like in this text?	Where do you need hope for perseverance?	What step will help you stay awake to God?
S342	What confusions about the return are corrected?	What steadiness does Paul call for?	Where do rumors unsettle your faith now?	What grounding truth will you repeat this week?
S343	What instructions does Paul give Timothy?	What example should leaders set?	Where can you be faithful with small things?	What step will you take to serve steadily this week?
S344	What charges and comforts stand out?	What does finishing the race involve?	Where do you need endurance today?	What practice will help you finish well this week?
S345	What truths about salvation are emphasized?	What does grace train us to do now?	Where do you need grace to change a habit?	What good work will you devote to this week?
S346	What requests does Paul make to Philemon?	What does gospel reconciliation look like here?	Where do you need to repair a relationship?	What first step toward repair will you take?
S347	What comparisons elevate Jesus here?	What warnings urge us to listen to Him?	Where have you drifted from His voice?	What response of faith will you make today?
S348	What kind of priest is Jesus shown to be?	What hope comes from His intercession?	Where do you need His help right now?	What prayer will you bring with confidence this week?
S349	What makes the new covenant better?	What does Christ’s sacrifice accomplish?	Where do you still carry guilt or shame?	What truth will you rest in this week?
S350	What examples of faith inspire you?	What does running the race require now?	What weight or sin slows you down?	What will you lay aside this week?
S351	What contrasts mark old and new ways?	What practices of love and holiness are urged?	Where do you need peace and purity?	What step will you take today?
S352	What links between faith and works appear?	What do you learn about speech and wisdom?	Where do you need to put faith into action?	What work of love will you do this week?
S353	What encouragements for suffering do you see?	What hope anchors believers here?	Where do you need courage to do right?	What gentle answer will you give this week?
S354	What warnings about false teaching are given?	What hope points to the Lord’s patience?	Where do you need diligence and hope together?	What step will help you grow in grace this week?
S355	What tests of truth and love are given here?	What does walking in the light look like?	Where do you need assurance or repentance now?	What step will you take toward the light?
S356	What danger does John warn about?	What does faithful love look like now?	Where do you need to guard your home or heart?	What boundary will you set this week?
S357	What problem does John address?	What does honest hospitality look like?	Who could you welcome or support this week?	What act of hospitality will you do?
S358	What threats to the faith are highlighted?	What must believers build themselves up in?	Where do you need mercy and vigilance now?	What step will help you contend well this week?
S359	What strengths and weaknesses are named?	What calls to repent or endure stand out?	Which message speaks most to you now?	What response will you make this week?
S360	What visions and cries do you notice?	What hope do the sealed receive?	Where do you need endurance in a trial?	What prayer will keep you steady daily?
S361	What warnings and judgments unfold?	What response is God seeking from people?	Where do you need to turn from compromise?	What step of repentance will you take this week?
S362	What symbols of conflict and hope appear?	What do they teach about faithful endurance?	Where do you feel worn out in the fight?	What practice will renew your strength this week?
S363	What scenes of judgment fill this reading?	What do they reveal about God’s justice?	Where do you long for final justice now?	What trust will you hold in the meantime this week?
S364	What contrasts appear between Babylon and the Lamb?	What warnings and calls to come out are given?	Where are you drawn to Babylon‑like habits?	What break will you make from one habit this week?
S365	What images of the new creation move you?	What promises anchor hope for the future?	Where do you need this hope today?	What step will help you live as a citizen of that city this week?